{"get":"predictions","parameters":{"fixture":"930517"},"errors":[],"results":1,"paging":{"current":1,"total":1},"response":[{"predictions":{"winner":{"id":10566,"name":"Royal AM","comment":"Win or draw"},"win_or_draw":true,"under_over":null,"goals":{"home":"-2.5","away":"-2.5"},"advice":"Double chance : draw or Royal AM","percent":{"home":"10%","draw":"45%","away":"45%"}},"league":{"id":288,"name":"Premier Soccer League","country":"South-Africa","logo":"https:\/\/media.api-sports.io\/football\/leagues\/288.png","flag":"https:\/\/media.api-sports.io\/flags\/za.svg","season":2022},"teams":{"home":{"id":2690,"name":"Golden Arrows","logo":"https:\/\/media.api-sports.io\/football\/teams\/2690.png","last_5":{"form":"40%","att":"55%","def":"0%","goals":{"for":{"total":6,"average":"1.2"},"against":{"total":11,"average":"2.2"}}},"league":{"form":"LLDDWWLWDDLLWLWLLWL","fixtures":{"played":{"home":11,"away":8,"total":19},"wins":{"home":4,"away":2,"total":6},"draws":{"home":3,"away":1,"total":4},"loses":{"home":4,"away":5,"total":9}},"goals":{"for":{"total":{"home":14,"away":7,"total":21},"average":{"home":"1.3","away":"0.9","total":"1.1"},"minute":{"0-15":{"total":2,"percentage":"9.09%"},"16-30":{"total":5,"percentage":"22.73%"},"31-45":{"total":3,"percentage":"13.64%"},"46-60":{"total":5,"percentage":"22.73%"},"61-75":{"total":5,"percentage":"22.73%"},"76-90":{"total":1,"percentage":"4.55%"},"91-105":{"total":1,"percentage":"4.55%"},"106-120":{"total":null,"percentage":null}}},"against":{"total":{"home":14,"away":14,"total":28},"average":{"home":"1.3","away":"1.8","total":"1.5"},"minute":{"0-15":{"total":3,"percentage":"11.11%"},"16-30":{"total":6,"percentage":"22.22%"},"31-45":{"total":5,"percentage":"18.52%"},"46-60":{"total":3,"percentage":"11.11%"},"61-75":{"total":3,"percentage":"11.11%"},"76-90":{"total":4,"percentage":"14.81%"},"91-105":{"total":3,"percentage":"11.11%"},"106-120":{"total":null,"percentage":null}}}},"biggest":{"streak":{"wins":2,"draws":2,"loses":2},"wins":{"home":"4-0","away":"0-2"},"loses":{"home":"0-2","away":"4-0"},"goals":{"for":{"home":4,"away":2},"against":{"home":2,"away":4}}},"clean_sheet":{"home":2,"away":2,"total":4},"failed_to_score":{"home":5,"away":2,"total":7},"penalty":{"scored":{"total":2,"percentage":"100.00%"},"missed":{"total":0,"percentage":"0%"},"total":2},"lineups":[{"formation":"4-2-3-1","played":8},{"formation":"4-3-3","played":4},{"formation":"4-2-1-3","played":3},{"formation":"3-4-3","played":2},{"formation":"4-4-2","played":2}],"cards":{"yellow":{"0-15":{"total":2,"percentage":"6.25%"},"16-30":{"total":5,"percentage":"15.63%"},"31-45":{"total":5,"percentage":"15.63%"},"46-60":{"total":4,"percentage":"12.50%"},"61-75":{"total":5,"percentage":"15.63%"},"76-90":{"total":9,"percentage":"28.13%"},"91-105":{"total":2,"percentage":"6.25%"},"106-120":{"total":null,"percentage":null}},"red":{"0-15":{"total":null,"percentage":null},"16-30":{"total":null,"percentage":null},"31-45":{"total":null,"percentage":null},"46-60":{"total":null,"percentage":null},"61-75":{"total":null,"percentage":null},"76-90":{"total":null,"percentage":null},"91-105":{"total":1,"percentage":"100.00%"},"106-120":{"total":null,"percentage":null}}}}},"away":{"id":10566,"name":"Royal AM","logo":"https:\/\/media.api-sports.io\/football\/teams\/10566.png","last_5":{"form":"33%","att":"36%","def":"45%","goals":{"for":{"total":4,"average":"0.8"},"against":{"total":6,"average":"1.2"}}},"league":{"form":"WWLLDWWLLLWLLDWLDL","fixtures":{"played":{"home":10,"away":8,"total":18},"wins":{"home":4,"away":2,"total":6},"draws":{"home":3,"away":0,"total":3},"loses":{"home":3,"away":6,"total":9}},"goals":{"for":{"total":{"home":10,"away":9,"total":19},"average":{"home":"1.0","away":"1.1","total":"1.1"},"minute":{"0-15":{"total":6,"percentage":"30.00%"},"16-30":{"total":1,"percentage":"5.00%"},"31-45":{"total":4,"percentage":"20.00%"},"46-60":{"total":2,"percentage":"10.00%"},"61-75":{"total":1,"percentage":"5.00%"},"76-90":{"total":4,"percentage":"20.00%"},"91-105":{"total":2,"percentage":"10.00%"},"106-120":{"total":null,"percentage":null}}},"against":{"total":{"home":9,"away":17,"total":26},"average":{"home":"0.9","away":"2.1","total":"1.4"},"minute":{"0-15":{"total":2,"percentage":"8.00%"},"16-30":{"total":1,"percentage":"4.00%"},"31-45":{"total":7,"percentage":"28.00%"},"46-60":{"total":4,"percentage":"16.00%"},"61-75":{"total":2,"percentage":"8.00%"},"76-90":{"total":6,"percentage":"24.00%"},"91-105":{"total":3,"percentage":"12.00%"},"106-120":{"total":null,"percentage":null}}}},"biggest":{"streak":{"wins":2,"draws":1,"loses":3},"wins":{"home":"3-1","away":"1-3"},"loses":{"home":"0-3","away":"3-1"},"goals":{"for":{"home":3,"away":3},"against":{"home":3,"away":3}}},"clean_sheet":{"home":4,"away":0,"total":4},"failed_to_score":{"home":4,"away":2,"total":6},"penalty":{"scored":{"total":0,"percentage":"0%"},"missed":{"total":0,"percentage":"0%"},"total":0},"lineups":[{"formation":"4-3-3","played":9},{"formation":"3-4-3","played":4},{"formation":"4-2-3-1","played":4},{"formation":"4-4-2","played":1}],"cards":{"yellow":{"0-15":{"total":1,"percentage":"4.17%"},"16-30":{"total":1,"percentage":"4.17%"},"31-45":{"total":3,"percentage":"12.50%"},"46-60":{"total":9,"percentage":"37.50%"},"61-75":{"total":3,"percentage":"12.50%"},"76-90":{"total":5,"percentage":"20.83%"},"91-105":{"total":2,"percentage":"8.33%"},"106-120":{"total":null,"percentage":null}},"red":{"0-15":{"total":null,"percentage":null},"16-30":{"total":null,"percentage":null},"31-45":{"total":null,"percentage":null},"46-60":{"total":null,"percentage":null},"61-75":{"total":null,"percentage":null},"76-90":{"total":null,"percentage":null},"91-105":{"total":1,"percentage":"100.00%"},"106-120":{"total":null,"percentage":null}}}}}},"comparison":{"form":{"home":"55%","away":"45%"},"att":{"home":"60%","away":"40%"},"def":{"home":"35%","away":"65%"},"poisson_distribution":{"home":"59%","away":"41%"},"h2h":{"home":"29%","away":"71%"},"goals":{"home":"38%","away":"63%"},"total":{"home":"46.0%","away":"54.2%"}},"h2h":[{"fixture":{"id":930446,"referee":"Jelly Chavani, South Africa","timezone":"UTC","date":"2022-10-25T15:00:00+00:00","timestamp":1666710000,"periods":{"first":1666710000,"second":1666713600},"venue":{"id":7262,"name":"Chatsworth Stadium","city":"Durban, KN"},"status":{"long":"Match Finished","short":"FT","elapsed":90}},"league":{"id":288,"name":"Premier Soccer League","country":"South-Africa","logo":"https:\/\/media.api-sports.io\/football\/leagues\/288.png","flag":"https:\/\/media-3.api-sports.io\/flags\/za.svg","season":2022,"round":"Regular Season - 10"},"teams":{"home":{"id":10566,"name":"Royal AM","logo":"https:\/\/media-3.api-sports.io\/football\/teams\/10566.png","winner":true},"away":{"id":2690,"name":"Golden Arrows","logo":"https:\/\/media.api-sports.io\/football\/teams\/2690.png","winner":false}},"goals":{"home":3,"away":1},"score":{"halftime":{"home":2,"away":1},"fulltime":{"home":3,"away":1},"extratime":{"home":null,"away":null},"penalty":{"home":null,"away":null}}},{"fixture":{"id":758283,"referee":"M. Bambiso","timezone":"UTC","date":"2022-05-14T13:00:00+00:00","timestamp":1652533200,"periods":{"first":1652533200,"second":1652536800},"venue":{"id":1450,"name":"Sugar Ray Xulu Stadium","city":"Durban"},"status":{"long":"Match Finished","short":"FT","elapsed":90}},"league":{"id":288,"name":"Premier Soccer League","country":"South-Africa","logo":"https:\/\/media.api-sports.io\/football\/leagues\/288.png","flag":"https:\/\/media.api-sports.io\/flags\/za.svg","season":2021,"round":"Regular Season - 23"},"teams":{"home":{"id":2690,"name":"Golden Arrows","logo":"https:\/\/media-3.api-sports.io\/football\/teams\/2690.png","winner":null},"away":{"id":10566,"name":"Royal AM","logo":"https:\/\/media.api-sports.io\/football\/teams\/10566.png","winner":null}},"goals":{"home":2,"away":2},"score":{"halftime":{"home":2,"away":2},"fulltime":{"home":2,"away":2},"extratime":{"home":null,"away":null},"penalty":{"home":null,"away":null}}},{"fixture":{"id":758174,"referee":"V. Gomes","timezone":"UTC","date":"2021-12-12T13:30:00+00:00","timestamp":1639315800,"periods":{"first":1639315800,"second":1639319400},"venue":{"id":7262,"name":"Chatsworth Stadium","city":"Durban, KN"},"status":{"long":"Match Finished","short":"FT","elapsed":90}},"league":{"id":288,"name":"Premier Soccer League","country":"South-Africa","logo":"https:\/\/media.api-sports.io\/football\/leagues\/288.png","flag":"https:\/\/media.api-sports.io\/flags\/za.svg","season":2021,"round":"Regular Season - 12"},"teams":{"home":{"id":10566,"name":"Royal AM","logo":"https:\/\/media.api-sports.io\/football\/teams\/10566.png","winner":null},"away":{"id":2690,"name":"Golden Arrows","logo":"https:\/\/media-3.api-sports.io\/football\/teams\/2690.png","winner":null}},"goals":{"home":0,"away":0},"score":{"halftime":{"home":0,"away":0},"fulltime":{"home":0,"away":0},"extratime":{"home":null,"away":null},"penalty":{"home":null,"away":null}}}]}]}