{"get":"predictions","parameters":{"fixture":"930519"},"errors":[],"results":1,"paging":{"current":1,"total":1},"response":[{"predictions":{"winner":{"id":2694,"name":"Supersport United","comment":"Win or draw"},"win_or_draw":true,"under_over":null,"goals":{"home":"-2.5","away":"-2.5"},"advice":"Double chance : Supersport United or draw","percent":{"home":"45%","draw":"45%","away":"10%"}},"league":{"id":288,"name":"Premier Soccer League","country":"South-Africa","logo":"https:\/\/media-3.api-sports.io\/football\/leagues\/288.png","flag":"https:\/\/media.api-sports.io\/flags\/za.svg","season":2022},"teams":{"home":{"id":2694,"name":"Supersport United","logo":"https:\/\/media.api-sports.io\/football\/teams\/2694.png","last_5":{"form":"33%","att":"27%","def":"64%","goals":{"for":{"total":3,"average":"0.6"},"against":{"total":4,"average":"0.8"}}},"league":{"form":"DLLDWWWLWWWDWWLLDD","fixtures":{"played":{"home":8,"away":10,"total":18},"wins":{"home":4,"away":4,"total":8},"draws":{"home":4,"away":1,"total":5},"loses":{"home":0,"away":5,"total":5}},"goals":{"for":{"total":{"home":12,"away":9,"total":21},"average":{"home":"1.5","away":"0.9","total":"1.2"},"minute":{"0-15":{"total":3,"percentage":"15.00%"},"16-30":{"total":null,"percentage":null},"31-45":{"total":2,"percentage":"10.00%"},"46-60":{"total":8,"percentage":"40.00%"},"61-75":{"total":3,"percentage":"15.00%"},"76-90":{"total":3,"percentage":"15.00%"},"91-105":{"total":1,"percentage":"5.00%"},"106-120":{"total":null,"percentage":null}}},"against":{"total":{"home":6,"away":10,"total":16},"average":{"home":"0.8","away":"1.0","total":"0.9"},"minute":{"0-15":{"total":null,"percentage":null},"16-30":{"total":2,"percentage":"11.76%"},"31-45":{"total":4,"percentage":"23.53%"},"46-60":{"total":2,"percentage":"11.76%"},"61-75":{"total":5,"percentage":"29.41%"},"76-90":{"total":3,"percentage":"17.65%"},"91-105":{"total":1,"percentage":"5.88%"},"106-120":{"total":null,"percentage":null}}}},"biggest":{"streak":{"wins":3,"draws":1,"loses":2},"wins":{"home":"3-1","away":"0-2"},"loses":{"home":null,"away":"2-0"},"goals":{"for":{"home":3,"away":2},"against":{"home":1,"away":2}}},"clean_sheet":{"home":2,"away":4,"total":6},"failed_to_score":{"home":1,"away":3,"total":4},"penalty":{"scored":{"total":1,"percentage":"100.00%"},"missed":{"total":0,"percentage":"0%"},"total":1},"lineups":[{"formation":"4-4-2","played":11},{"formation":"4-2-3-1","played":5},{"formation":"3-4-1-2","played":1},{"formation":"4-4-1-1","played":1}],"cards":{"yellow":{"0-15":{"total":1,"percentage":"3.57%"},"16-30":{"total":2,"percentage":"7.14%"},"31-45":{"total":6,"percentage":"21.43%"},"46-60":{"total":3,"percentage":"10.71%"},"61-75":{"total":5,"percentage":"17.86%"},"76-90":{"total":10,"percentage":"35.71%"},"91-105":{"total":1,"percentage":"3.57%"},"106-120":{"total":null,"percentage":null}},"red":{"0-15":{"total":null,"percentage":null},"16-30":{"total":null,"percentage":null},"31-45":{"total":null,"percentage":null},"46-60":{"total":null,"percentage":null},"61-75":{"total":null,"percentage":null},"76-90":{"total":null,"percentage":null},"91-105":{"total":1,"percentage":"100.00%"},"106-120":{"total":null,"percentage":null}}}}},"away":{"id":2697,"name":"Cape Town City","logo":"https:\/\/media.api-sports.io\/football\/teams\/2697.png","last_5":{"form":"47%","att":"55%","def":"45%","goals":{"for":{"total":6,"average":"1.2"},"against":{"total":6,"average":"1.2"}}},"league":{"form":"LLLDDWWDDLWLWLWDWL","fixtures":{"played":{"home":10,"away":8,"total":18},"wins":{"home":5,"away":1,"total":6},"draws":{"home":3,"away":2,"total":5},"loses":{"home":2,"away":5,"total":7}},"goals":{"for":{"total":{"home":10,"away":9,"total":19},"average":{"home":"1.0","away":"1.1","total":"1.1"},"minute":{"0-15":{"total":3,"percentage":"15.79%"},"16-30":{"total":1,"percentage":"5.26%"},"31-45":{"total":6,"percentage":"31.58%"},"46-60":{"total":null,"percentage":null},"61-75":{"total":4,"percentage":"21.05%"},"76-90":{"total":3,"percentage":"15.79%"},"91-105":{"total":2,"percentage":"10.53%"},"106-120":{"total":null,"percentage":null}}},"against":{"total":{"home":7,"away":13,"total":20},"average":{"home":"0.7","away":"1.6","total":"1.1"},"minute":{"0-15":{"total":null,"percentage":null},"16-30":{"total":4,"percentage":"20.00%"},"31-45":{"total":5,"percentage":"25.00%"},"46-60":{"total":3,"percentage":"15.00%"},"61-75":{"total":3,"percentage":"15.00%"},"76-90":{"total":3,"percentage":"15.00%"},"91-105":{"total":2,"percentage":"10.00%"},"106-120":{"total":null,"percentage":null}}}},"biggest":{"streak":{"wins":2,"draws":2,"loses":3},"wins":{"home":"2-0","away":"0-1"},"loses":{"home":"0-2","away":"3-2"},"goals":{"for":{"home":2,"away":2},"against":{"home":2,"away":3}}},"clean_sheet":{"home":4,"away":1,"total":5},"failed_to_score":{"home":4,"away":1,"total":5},"penalty":{"scored":{"total":0,"percentage":"0%"},"missed":{"total":0,"percentage":"0%"},"total":0},"lineups":[{"formation":"4-3-3","played":7},{"formation":"3-5-2","played":5},{"formation":"5-2-3","played":2},{"formation":"3-4-3","played":2},{"formation":"4-2-3-1","played":1},{"formation":"4-1-2-3","played":1}],"cards":{"yellow":{"0-15":{"total":4,"percentage":"9.76%"},"16-30":{"total":7,"percentage":"17.07%"},"31-45":{"total":5,"percentage":"12.20%"},"46-60":{"total":4,"percentage":"9.76%"},"61-75":{"total":7,"percentage":"17.07%"},"76-90":{"total":11,"percentage":"26.83%"},"91-105":{"total":3,"percentage":"7.32%"},"106-120":{"total":null,"percentage":null}},"red":{"0-15":{"total":null,"percentage":null},"16-30":{"total":null,"percentage":null},"31-45":{"total":null,"percentage":null},"46-60":{"total":null,"percentage":null},"61-75":{"total":null,"percentage":null},"76-90":{"total":null,"percentage":null},"91-105":{"total":1,"percentage":"100.00%"},"106-120":{"total":null,"percentage":null}}}}}},"comparison":{"form":{"home":"42%","away":"58%"},"att":{"home":"33%","away":"67%"},"def":{"home":"60%","away":"40%"},"poisson_distribution":{"home":"68%","away":"32%"},"h2h":{"home":"71%","away":"29%"},"goals":{"home":"50%","away":"50%"},"total":{"home":"54.0%","away":"46.0%"}},"h2h":[{"fixture":{"id":930455,"referee":"Philangenkosi Khumalo, South Africa","timezone":"UTC","date":"2023-01-03T15:00:00+00:00","timestamp":1672758000,"periods":{"first":1672758000,"second":1672761600},"venue":{"id":12713,"name":"DHL Stadium","city":"Cape Town"},"status":{"long":"Match Finished","short":"FT","elapsed":90}},"league":{"id":288,"name":"Premier Soccer League","country":"South-Africa","logo":"https:\/\/media-3.api-sports.io\/football\/leagues\/288.png","flag":"https:\/\/media.api-sports.io\/flags\/za.svg","season":2022,"round":"Regular Season - 12"},"teams":{"home":{"id":2697,"name":"Cape Town City","logo":"https:\/\/media-3.api-sports.io\/football\/teams\/2697.png","winner":false},"away":{"id":2694,"name":"Supersport United","logo":"https:\/\/media-3.api-sports.io\/football\/teams\/2694.png","winner":true}},"goals":{"home":0,"away":1},"score":{"halftime":{"home":0,"away":0},"fulltime":{"home":0,"away":1},"extratime":{"home":null,"away":null},"penalty":{"home":null,"away":null}}},{"fixture":{"id":758194,"referee":"V. Gomes","timezone":"UTC","date":"2021-12-22T15:30:00+00:00","timestamp":1640187000,"periods":{"first":1640187000,"second":1640190600},"venue":{"id":1451,"name":"Lucas Masterpieces Moripe Stadium","city":"Pretoria, GT"},"status":{"long":"Match Finished","short":"FT","elapsed":90}},"league":{"id":288,"name":"Premier Soccer League","country":"South-Africa","logo":"https:\/\/media.api-sports.io\/football\/leagues\/288.png","flag":"https:\/\/media-3.api-sports.io\/flags\/za.svg","season":2021,"round":"Regular Season - 14"},"teams":{"home":{"id":2694,"name":"Supersport United","logo":"https:\/\/media.api-sports.io\/football\/teams\/2694.png","winner":true},"away":{"id":2697,"name":"Cape Town City","logo":"https:\/\/media.api-sports.io\/football\/teams\/2697.png","winner":false}},"goals":{"home":3,"away":2},"score":{"halftime":{"home":2,"away":0},"fulltime":{"home":3,"away":2},"extratime":{"home":null,"away":null},"penalty":{"home":null,"away":null}}},{"fixture":{"id":758062,"referee":"E. Mdluli","timezone":"UTC","date":"2021-08-21T15:00:00+00:00","timestamp":1629558000,"periods":{"first":1629558000,"second":1629561600},"venue":{"id":7254,"name":"Athlone Stadium","city":"Cape Town, WC"},"status":{"long":"Match Finished","short":"FT","elapsed":90}},"league":{"id":288,"name":"Premier Soccer League","country":"South-Africa","logo":"https:\/\/media.api-sports.io\/football\/leagues\/288.png","flag":"https:\/\/media-3.api-sports.io\/flags\/za.svg","season":2021,"round":"Regular Season - 1"},"teams":{"home":{"id":2697,"name":"Cape Town City","logo":"https:\/\/media.api-sports.io\/football\/teams\/2697.png","winner":null},"away":{"id":2694,"name":"Supersport United","logo":"https:\/\/media-3.api-sports.io\/football\/teams\/2694.png","winner":null}},"goals":{"home":0,"away":0},"score":{"halftime":{"home":0,"away":0},"fulltime":{"home":0,"away":0},"extratime":{"home":null,"away":null},"penalty":{"home":null,"away":null}}},{"fixture":{"id":643403,"referee":"L. Badi","timezone":"UTC","date":"2021-04-10T13:00:00+00:00","timestamp":1618059600,"periods":{"first":1618059600,"second":1618063200},"venue":{"id":1444,"name":"Cape Town Stadium","city":"Cape Town"},"status":{"long":"Match Finished","short":"FT","elapsed":90}},"league":{"id":288,"name":"Premier Soccer League","country":"South-Africa","logo":"https:\/\/media-3.api-sports.io\/football\/leagues\/288.png","flag":"https:\/\/media-3.api-sports.io\/flags\/za.svg","season":2020,"round":"Regular Season - 17"},"teams":{"home":{"id":2697,"name":"Cape Town City","logo":"https:\/\/media.api-sports.io\/football\/teams\/2697.png","winner":true},"away":{"id":2694,"name":"Supersport United","logo":"https:\/\/media.api-sports.io\/football\/teams\/2694.png","winner":false}},"goals":{"home":3,"away":0},"score":{"halftime":{"home":1,"away":0},"fulltime":{"home":3,"away":0},"extratime":{"home":null,"away":null},"penalty":{"home":null,"away":null}}},{"fixture":{"id":643351,"referee":"P. Khumalo","timezone":"UTC","date":"2021-02-13T15:00:00+00:00","timestamp":1613228400,"periods":{"first":1613228400,"second":1613232000},"venue":{"id":1451,"name":"Lucas Masterpieces Moripe Stadium","city":"Pretoria, GT"},"status":{"long":"Match Finished","short":"FT","elapsed":90}},"league":{"id":288,"name":"Premier Soccer League","country":"South-Africa","logo":"https:\/\/media-3.api-sports.io\/football\/leagues\/288.png","flag":"https:\/\/media-3.api-sports.io\/flags\/za.svg","season":2020,"round":"Regular Season - 13"},"teams":{"home":{"id":2694,"name":"Supersport United","logo":"https:\/\/media.api-sports.io\/football\/teams\/2694.png","winner":true},"away":{"id":2697,"name":"Cape Town City","logo":"https:\/\/media-3.api-sports.io\/football\/teams\/2697.png","winner":false}},"goals":{"home":2,"away":1},"score":{"halftime":{"home":1,"away":0},"fulltime":{"home":2,"away":1},"extratime":{"home":null,"away":null},"penalty":{"home":null,"away":null}}},{"fixture":{"id":213715,"referee":"T. Mkhize","timezone":"UTC","date":"2020-09-05T13:30:00+00:00","timestamp":1599312600,"periods":{"first":1599312600,"second":1599316200},"venue":{"id":12712,"name":"Loftus Versfeld Stadium","city":"Tshwane"},"status":{"long":"Match Finished","short":"FT","elapsed":90}},"league":{"id":288,"name":"Premier Soccer League","country":"South-Africa","logo":"https:\/\/media-3.api-sports.io\/football\/leagues\/288.png","flag":"https:\/\/media.api-sports.io\/flags\/za.svg","season":2019,"round":"Regular Season - 24"},"teams":{"home":{"id":2697,"name":"Cape Town City","logo":"https:\/\/media-3.api-sports.io\/football\/teams\/2697.png","winner":true},"away":{"id":2694,"name":"Supersport United","logo":"https:\/\/media-3.api-sports.io\/football\/teams\/2694.png","winner":false}},"goals":{"home":1,"away":0},"score":{"halftime":{"home":0,"away":0},"fulltime":{"home":1,"away":0},"extratime":{"home":null,"away":null},"penalty":{"home":null,"away":null}}},{"fixture":{"id":213513,"referee":"J. Chavani","timezone":"UTC","date":"2019-09-14T18:15:00+00:00","timestamp":1568484900,"periods":{"first":1568484900,"second":1568488500},"venue":{"id":12715,"name":"Mbombela Stadium","city":"Nelspruit"},"status":{"long":"Match Finished","short":"FT","elapsed":90}},"league":{"id":288,"name":"Premier Soccer League","country":"South-Africa","logo":"https:\/\/media-3.api-sports.io\/football\/leagues\/288.png","flag":"https:\/\/media.api-sports.io\/flags\/za.svg","season":2019,"round":"Regular Season - 4"},"teams":{"home":{"id":2694,"name":"Supersport United","logo":"https:\/\/media-3.api-sports.io\/football\/teams\/2694.png","winner":null},"away":{"id":2697,"name":"Cape Town City","logo":"https:\/\/media-3.api-sports.io\/football\/teams\/2697.png","winner":null}},"goals":{"home":3,"away":3},"score":{"halftime":{"home":2,"away":2},"fulltime":{"home":3,"away":3},"extratime":{"home":null,"away":null},"penalty":{"home":null,"away":null}}},{"fixture":{"id":337092,"referee":null,"timezone":"UTC","date":"2019-01-26T18:15:00+00:00","timestamp":1548526500,"periods":{"first":1548526500,"second":1548530100},"venue":{"id":1444,"name":"Cape Town Stadium","city":"Cape Town"},"status":{"long":"Match Finished","short":"FT","elapsed":90}},"league":{"id":507,"name":"Cup","country":"South-Africa","logo":"https:\/\/media-3.api-sports.io\/football\/leagues\/507.png","flag":"https:\/\/media-3.api-sports.io\/flags\/za.svg","season":2018,"round":"16th Finals"},"teams":{"home":{"id":2697,"name":"Cape Town City","logo":"https:\/\/media.api-sports.io\/football\/teams\/2697.png","winner":true},"away":{"id":2694,"name":"Supersport United","logo":"https:\/\/media-3.api-sports.io\/football\/teams\/2694.png","winner":false}},"goals":{"home":2,"away":0},"score":{"halftime":{"home":1,"away":0},"fulltime":{"home":2,"away":0},"extratime":{"home":null,"away":null},"penalty":{"home":null,"away":null}}},{"fixture":{"id":113871,"referee":null,"timezone":"UTC","date":"2019-01-05T18:35:00+00:00","timestamp":1546713300,"periods":{"first":1546713300,"second":1546716900},"venue":{"id":null,"name":"Lucas Masterpieces Moripe Stadium (Pretoria, GT)","city":null},"status":{"long":"Match Finished","short":"FT","elapsed":90}},"league":{"id":288,"name":"Premier Soccer League","country":"South-Africa","logo":"https:\/\/media-3.api-sports.io\/football\/leagues\/288.png","flag":"https:\/\/media-3.api-sports.io\/flags\/za.svg","season":2018,"round":"Regular Season - 13"},"teams":{"home":{"id":2694,"name":"Supersport United","logo":"https:\/\/media-3.api-sports.io\/football\/teams\/2694.png","winner":false},"away":{"id":2697,"name":"Cape Town City","logo":"https:\/\/media-3.api-sports.io\/football\/teams\/2697.png","winner":true}},"goals":{"home":0,"away":1},"score":{"halftime":{"home":0,"away":0},"fulltime":{"home":0,"away":1},"extratime":{"home":null,"away":null},"penalty":{"home":null,"away":null}}},{"fixture":{"id":113751,"referee":null,"timezone":"UTC","date":"2018-08-04T16:00:00+00:00","timestamp":1533398400,"periods":{"first":1533398400,"second":1533402000},"venue":{"id":null,"name":"Cape Town Stadium (Cape Town)","city":null},"status":{"long":"Match Finished","short":"FT","elapsed":90}},"league":{"id":288,"name":"Premier Soccer League","country":"South-Africa","logo":"https:\/\/media-3.api-sports.io\/football\/leagues\/288.png","flag":"https:\/\/media-3.api-sports.io\/flags\/za.svg","season":2018,"round":"Regular Season - 1"},"teams":{"home":{"id":2697,"name":"Cape Town City","logo":"https:\/\/media.api-sports.io\/football\/teams\/2697.png","winner":true},"away":{"id":2694,"name":"Supersport United","logo":"https:\/\/media-3.api-sports.io\/football\/teams\/2694.png","winner":false}},"goals":{"home":2,"away":0},"score":{"halftime":{"home":0,"away":0},"fulltime":{"home":2,"away":0},"extratime":{"home":null,"away":null},"penalty":{"home":null,"away":null}}}]}]}