{"get":"predictions","parameters":{"fixture":"930523"},"errors":[],"results":1,"paging":{"current":1,"total":1},"response":[{"predictions":{"winner":{"id":2700,"name":"Orlando Pirates","comment":"Win or draw"},"win_or_draw":true,"under_over":null,"goals":{"home":"-2.5","away":"-1.5"},"advice":"Double chance : Orlando Pirates or draw","percent":{"home":"45%","draw":"45%","away":"10%"}},"league":{"id":288,"name":"Premier Soccer League","country":"South-Africa","logo":"https:\/\/media.api-sports.io\/football\/leagues\/288.png","flag":"https:\/\/media-3.api-sports.io\/flags\/za.svg","season":2022},"teams":{"home":{"id":2700,"name":"Orlando Pirates","logo":"https:\/\/media.api-sports.io\/football\/teams\/2700.png","last_5":{"form":"60%","att":"91%","def":"45%","goals":{"for":{"total":10,"average":"2.0"},"against":{"total":6,"average":"1.2"}}},"league":{"form":"WDLWDWLWLDDWLLLWWW","fixtures":{"played":{"home":9,"away":9,"total":18},"wins":{"home":5,"away":3,"total":8},"draws":{"home":2,"away":2,"total":4},"loses":{"home":2,"away":4,"total":6}},"goals":{"for":{"total":{"home":12,"away":7,"total":19},"average":{"home":"1.3","away":"0.8","total":"1.1"},"minute":{"0-15":{"total":4,"percentage":"23.53%"},"16-30":{"total":4,"percentage":"23.53%"},"31-45":{"total":4,"percentage":"23.53%"},"46-60":{"total":1,"percentage":"5.88%"},"61-75":{"total":2,"percentage":"11.76%"},"76-90":{"total":null,"percentage":null},"91-105":{"total":2,"percentage":"11.76%"},"106-120":{"total":null,"percentage":null}}},"against":{"total":{"home":5,"away":8,"total":13},"average":{"home":"0.6","away":"0.9","total":"0.7"},"minute":{"0-15":{"total":1,"percentage":"6.67%"},"16-30":{"total":null,"percentage":null},"31-45":{"total":4,"percentage":"26.67%"},"46-60":{"total":1,"percentage":"6.67%"},"61-75":{"total":5,"percentage":"33.33%"},"76-90":{"total":3,"percentage":"20.00%"},"91-105":{"total":1,"percentage":"6.67%"},"106-120":{"total":null,"percentage":null}}}},"biggest":{"streak":{"wins":1,"draws":2,"loses":3},"wins":{"home":"4-1","away":"0-2"},"loses":{"home":"0-1","away":"2-0"},"goals":{"for":{"home":4,"away":2},"against":{"home":1,"away":2}}},"clean_sheet":{"home":4,"away":4,"total":8},"failed_to_score":{"home":3,"away":4,"total":7},"penalty":{"scored":{"total":1,"percentage":"100.00%"},"missed":{"total":0,"percentage":"0%"},"total":1},"lineups":[{"formation":"3-4-3","played":6},{"formation":"4-3-3","played":4},{"formation":"3-4-2-1","played":3},{"formation":"3-5-2","played":2},{"formation":"4-4-2","played":2},{"formation":"4-3-2-1","played":1}],"cards":{"yellow":{"0-15":{"total":3,"percentage":"9.68%"},"16-30":{"total":3,"percentage":"9.68%"},"31-45":{"total":5,"percentage":"16.13%"},"46-60":{"total":5,"percentage":"16.13%"},"61-75":{"total":4,"percentage":"12.90%"},"76-90":{"total":9,"percentage":"29.03%"},"91-105":{"total":2,"percentage":"6.45%"},"106-120":{"total":null,"percentage":null}},"red":{"0-15":{"total":null,"percentage":null},"16-30":{"total":null,"percentage":null},"31-45":{"total":null,"percentage":null},"46-60":{"total":1,"percentage":"100.00%"},"61-75":{"total":null,"percentage":null},"76-90":{"total":null,"percentage":null},"91-105":{"total":null,"percentage":null},"106-120":{"total":null,"percentage":null}}}}},"away":{"id":2692,"name":"Maritzburg Utd","logo":"https:\/\/media.api-sports.io\/football\/teams\/2692.png","last_5":{"form":"60%","att":"55%","def":"64%","goals":{"for":{"total":6,"average":"1.2"},"against":{"total":4,"average":"0.8"}}},"league":{"form":"DLDDWLWLLDDLLLWWWL","fixtures":{"played":{"home":9,"away":9,"total":18},"wins":{"home":3,"away":2,"total":5},"draws":{"home":2,"away":3,"total":5},"loses":{"home":4,"away":4,"total":8}},"goals":{"for":{"total":{"home":9,"away":3,"total":12},"average":{"home":"1.0","away":"0.3","total":"0.7"},"minute":{"0-15":{"total":null,"percentage":null},"16-30":{"total":1,"percentage":"9.09%"},"31-45":{"total":2,"percentage":"18.18%"},"46-60":{"total":2,"percentage":"18.18%"},"61-75":{"total":null,"percentage":null},"76-90":{"total":3,"percentage":"27.27%"},"91-105":{"total":3,"percentage":"27.27%"},"106-120":{"total":null,"percentage":null}}},"against":{"total":{"home":14,"away":9,"total":23},"average":{"home":"1.6","away":"1.0","total":"1.3"},"minute":{"0-15":{"total":3,"percentage":"12.50%"},"16-30":{"total":4,"percentage":"16.67%"},"31-45":{"total":5,"percentage":"20.83%"},"46-60":{"total":4,"percentage":"16.67%"},"61-75":{"total":3,"percentage":"12.50%"},"76-90":{"total":3,"percentage":"12.50%"},"91-105":{"total":2,"percentage":"8.33%"},"106-120":{"total":null,"percentage":null}}}},"biggest":{"streak":{"wins":3,"draws":2,"loses":3},"wins":{"home":"3-1","away":"0-1"},"loses":{"home":"0-5","away":"3-0"},"goals":{"for":{"home":3,"away":1},"against":{"home":5,"away":3}}},"clean_sheet":{"home":2,"away":4,"total":6},"failed_to_score":{"home":3,"away":6,"total":9},"penalty":{"scored":{"total":1,"percentage":"100.00%"},"missed":{"total":0,"percentage":"0%"},"total":1},"lineups":[{"formation":"4-4-2","played":7},{"formation":"4-3-1-2","played":5},{"formation":"4-2-3-1","played":4},{"formation":"3-4-1-2","played":2}],"cards":{"yellow":{"0-15":{"total":2,"percentage":"8.00%"},"16-30":{"total":1,"percentage":"4.00%"},"31-45":{"total":3,"percentage":"12.00%"},"46-60":{"total":4,"percentage":"16.00%"},"61-75":{"total":5,"percentage":"20.00%"},"76-90":{"total":5,"percentage":"20.00%"},"91-105":{"total":5,"percentage":"20.00%"},"106-120":{"total":null,"percentage":null}},"red":{"0-15":{"total":null,"percentage":null},"16-30":{"total":null,"percentage":null},"31-45":{"total":null,"percentage":null},"46-60":{"total":null,"percentage":null},"61-75":{"total":null,"percentage":null},"76-90":{"total":null,"percentage":null},"91-105":{"total":null,"percentage":null},"106-120":{"total":null,"percentage":null}}}}}},"comparison":{"form":{"home":"50%","away":"50%"},"att":{"home":"63%","away":"38%"},"def":{"home":"40%","away":"60%"},"poisson_distribution":{"home":"84%","away":"16%"},"h2h":{"home":"71%","away":"29%"},"goals":{"home":"75%","away":"25%"},"total":{"home":"63.8%","away":"36.3%"}},"h2h":[{"fixture":{"id":930422,"referee":"Tshidiso Maruping, South Africa","timezone":"UTC","date":"2022-09-04T15:30:00+00:00","timestamp":1662305400,"periods":{"first":1662305400,"second":1662309000},"venue":{"id":1452,"name":"Harry Gwala Stadium","city":"Pietermaritzburg, KN"},"status":{"long":"Match Finished","short":"FT","elapsed":90}},"league":{"id":288,"name":"Premier Soccer League","country":"South-Africa","logo":"https:\/\/media-3.api-sports.io\/football\/leagues\/288.png","flag":"https:\/\/media.api-sports.io\/flags\/za.svg","season":2022,"round":"Regular Season - 6"},"teams":{"home":{"id":2692,"name":"Maritzburg Utd","logo":"https:\/\/media-3.api-sports.io\/football\/teams\/2692.png","winner":true},"away":{"id":2700,"name":"Orlando Pirates","logo":"https:\/\/media.api-sports.io\/football\/teams\/2700.png","winner":false}},"goals":{"home":1,"away":0},"score":{"halftime":{"home":0,"away":0},"fulltime":{"home":1,"away":0},"extratime":{"home":null,"away":null},"penalty":{"home":null,"away":null}}},{"fixture":{"id":758285,"referee":"C. Muchali","timezone":"UTC","date":"2022-05-24T17:30:00+00:00","timestamp":1653413400,"periods":{"first":1653413400,"second":1653417000},"venue":{"id":1453,"name":"Orlando Stadium","city":"Johannesburg, GA"},"status":{"long":"Match Finished","short":"FT","elapsed":90}},"league":{"id":288,"name":"Premier Soccer League","country":"South-Africa","logo":"https:\/\/media.api-sports.io\/football\/leagues\/288.png","flag":"https:\/\/media.api-sports.io\/flags\/za.svg","season":2021,"round":"Regular Season - 24"},"teams":{"home":{"id":2700,"name":"Orlando Pirates","logo":"https:\/\/media.api-sports.io\/football\/teams\/2700.png","winner":true},"away":{"id":2692,"name":"Maritzburg Utd","logo":"https:\/\/media.api-sports.io\/football\/teams\/2692.png","winner":false}},"goals":{"home":4,"away":1},"score":{"halftime":{"home":2,"away":0},"fulltime":{"home":4,"away":1},"extratime":{"home":null,"away":null},"penalty":{"home":null,"away":null}}},{"fixture":{"id":758112,"referee":"A. Tom","timezone":"UTC","date":"2021-10-20T15:30:00+00:00","timestamp":1634743800,"periods":{"first":1634743800,"second":1634747400},"venue":{"id":1452,"name":"Harry Gwala Stadium","city":"Pietermaritzburg, KN"},"status":{"long":"Match Finished","short":"FT","elapsed":90}},"league":{"id":288,"name":"Premier Soccer League","country":"South-Africa","logo":"https:\/\/media.api-sports.io\/football\/leagues\/288.png","flag":"https:\/\/media.api-sports.io\/flags\/za.svg","season":2021,"round":"Regular Season - 6"},"teams":{"home":{"id":2692,"name":"Maritzburg Utd","logo":"https:\/\/media.api-sports.io\/football\/teams\/2692.png","winner":null},"away":{"id":2700,"name":"Orlando Pirates","logo":"https:\/\/media.api-sports.io\/football\/teams\/2700.png","winner":null}},"goals":{"home":0,"away":0},"score":{"halftime":{"home":0,"away":0},"fulltime":{"home":0,"away":0},"extratime":{"home":null,"away":null},"penalty":{"home":null,"away":null}}},{"fixture":{"id":643404,"referee":"P. Khumalo","timezone":"UTC","date":"2021-04-18T16:30:00+00:00","timestamp":1618763400,"periods":{"first":1618763400,"second":1618767000},"venue":{"id":1453,"name":"Orlando Stadium","city":"Johannesburg, GA"},"status":{"long":"Match Finished","short":"FT","elapsed":90}},"league":{"id":288,"name":"Premier Soccer League","country":"South-Africa","logo":"https:\/\/media-3.api-sports.io\/football\/leagues\/288.png","flag":"https:\/\/media.api-sports.io\/flags\/za.svg","season":2020,"round":"Regular Season - 18"},"teams":{"home":{"id":2700,"name":"Orlando Pirates","logo":"https:\/\/media.api-sports.io\/football\/teams\/2700.png","winner":true},"away":{"id":2692,"name":"Maritzburg Utd","logo":"https:\/\/media-3.api-sports.io\/football\/teams\/2692.png","winner":false}},"goals":{"home":2,"away":0},"score":{"halftime":{"home":0,"away":0},"fulltime":{"home":2,"away":0},"extratime":{"home":null,"away":null},"penalty":{"home":null,"away":null}}},{"fixture":{"id":675548,"referee":"L. Badi","timezone":"UTC","date":"2021-02-27T16:00:00+00:00","timestamp":1614441600,"periods":{"first":1614441600,"second":1614445200},"venue":{"id":1452,"name":"Harry Gwala Stadium","city":"Pietermaritzburg, KN"},"status":{"long":"Match Finished","short":"FT","elapsed":90}},"league":{"id":507,"name":"Cup","country":"South-Africa","logo":"https:\/\/media.api-sports.io\/football\/leagues\/507.png","flag":"https:\/\/media-3.api-sports.io\/flags\/za.svg","season":2020,"round":"Round of 16"},"teams":{"home":{"id":2692,"name":"Maritzburg Utd","logo":"https:\/\/media-3.api-sports.io\/football\/teams\/2692.png","winner":false},"away":{"id":2700,"name":"Orlando Pirates","logo":"https:\/\/media-3.api-sports.io\/football\/teams\/2700.png","winner":true}},"goals":{"home":1,"away":3},"score":{"halftime":{"home":1,"away":0},"fulltime":{"home":1,"away":3},"extratime":{"home":null,"away":null},"penalty":{"home":null,"away":null}}},{"fixture":{"id":643334,"referee":"T. Ndzandzeka","timezone":"UTC","date":"2021-01-23T15:00:00+00:00","timestamp":1611414000,"periods":{"first":1611414000,"second":1611417600},"venue":{"id":1452,"name":"Harry Gwala Stadium","city":"Pietermaritzburg, KN"},"status":{"long":"Match Finished","short":"FT","elapsed":90}},"league":{"id":288,"name":"Premier Soccer League","country":"South-Africa","logo":"https:\/\/media-3.api-sports.io\/football\/leagues\/288.png","flag":"https:\/\/media.api-sports.io\/flags\/za.svg","season":2020,"round":"Regular Season - 10"},"teams":{"home":{"id":2692,"name":"Maritzburg Utd","logo":"https:\/\/media-3.api-sports.io\/football\/teams\/2692.png","winner":false},"away":{"id":2700,"name":"Orlando Pirates","logo":"https:\/\/media.api-sports.io\/football\/teams\/2700.png","winner":true}},"goals":{"home":0,"away":1},"score":{"halftime":{"home":0,"away":1},"fulltime":{"home":0,"away":1},"extratime":{"home":null,"away":null},"penalty":{"home":null,"away":null}}},{"fixture":{"id":213708,"referee":"S. Gasa","timezone":"UTC","date":"2020-09-02T16:00:00+00:00","timestamp":1599062400,"periods":{"first":1599062400,"second":1599066000},"venue":{"id":1451,"name":"Lucas Masterpieces Moripe Stadium","city":"Pretoria, GT"},"status":{"long":"Match Finished","short":"FT","elapsed":90}},"league":{"id":288,"name":"Premier Soccer League","country":"South-Africa","logo":"https:\/\/media.api-sports.io\/football\/leagues\/288.png","flag":"https:\/\/media-3.api-sports.io\/flags\/za.svg","season":2019,"round":"Regular Season - 23"},"teams":{"home":{"id":2692,"name":"Maritzburg Utd","logo":"https:\/\/media-3.api-sports.io\/football\/teams\/2692.png","winner":false},"away":{"id":2700,"name":"Orlando Pirates","logo":"https:\/\/media.api-sports.io\/football\/teams\/2700.png","winner":true}},"goals":{"home":0,"away":1},"score":{"halftime":{"home":0,"away":0},"fulltime":{"home":0,"away":1},"extratime":{"home":null,"away":null},"penalty":{"home":null,"away":null}}},{"fixture":{"id":213547,"referee":"K. Qongqo","timezone":"UTC","date":"2019-11-05T17:30:00+00:00","timestamp":1572975000,"periods":{"first":1572975000,"second":1572978600},"venue":{"id":1453,"name":"Orlando Stadium","city":"Johannesburg, GA"},"status":{"long":"Match Finished","short":"FT","elapsed":90}},"league":{"id":288,"name":"Premier Soccer League","country":"South-Africa","logo":"https:\/\/media.api-sports.io\/football\/leagues\/288.png","flag":"https:\/\/media-3.api-sports.io\/flags\/za.svg","season":2019,"round":"Regular Season - 8"},"teams":{"home":{"id":2700,"name":"Orlando Pirates","logo":"https:\/\/media.api-sports.io\/football\/teams\/2700.png","winner":null},"away":{"id":2692,"name":"Maritzburg Utd","logo":"https:\/\/media-3.api-sports.io\/football\/teams\/2692.png","winner":null}},"goals":{"home":0,"away":0},"score":{"halftime":{"home":0,"away":0},"fulltime":{"home":0,"away":0},"extratime":{"home":null,"away":null},"penalty":{"home":null,"away":null}}},{"fixture":{"id":113963,"referee":null,"timezone":"UTC","date":"2019-04-24T17:30:00+00:00","timestamp":1556127000,"periods":{"first":1556127000,"second":1556130600},"venue":{"id":null,"name":"Harry Gwala Stadium (Pietermaritzburg, KN)","city":null},"status":{"long":"Match Finished","short":"FT","elapsed":90}},"league":{"id":288,"name":"Premier Soccer League","country":"South-Africa","logo":"https:\/\/media.api-sports.io\/football\/leagues\/288.png","flag":"https:\/\/media-3.api-sports.io\/flags\/za.svg","season":2018,"round":"Regular Season - 22"},"teams":{"home":{"id":2692,"name":"Maritzburg Utd","logo":"https:\/\/media.api-sports.io\/football\/teams\/2692.png","winner":false},"away":{"id":2700,"name":"Orlando Pirates","logo":"https:\/\/media.api-sports.io\/football\/teams\/2700.png","winner":true}},"goals":{"home":0,"away":1},"score":{"halftime":{"home":0,"away":0},"fulltime":{"home":0,"away":1},"extratime":{"home":null,"away":null},"penalty":{"home":null,"away":null}}},{"fixture":{"id":113844,"referee":null,"timezone":"UTC","date":"2018-12-01T18:15:00+00:00","timestamp":1543688100,"periods":{"first":1543688100,"second":1543691700},"venue":{"id":null,"name":"Orlando Stadium (Johannesburg, GA)","city":null},"status":{"long":"Match Finished","short":"FT","elapsed":90}},"league":{"id":288,"name":"Premier Soccer League","country":"South-Africa","logo":"https:\/\/media.api-sports.io\/football\/leagues\/288.png","flag":"https:\/\/media-3.api-sports.io\/flags\/za.svg","season":2018,"round":"Regular Season - 10"},"teams":{"home":{"id":2700,"name":"Orlando Pirates","logo":"https:\/\/media-3.api-sports.io\/football\/teams\/2700.png","winner":null},"away":{"id":2692,"name":"Maritzburg Utd","logo":"https:\/\/media.api-sports.io\/football\/teams\/2692.png","winner":null}},"goals":{"home":0,"away":0},"score":{"halftime":{"home":0,"away":0},"fulltime":{"home":0,"away":0},"extratime":{"home":null,"away":null},"penalty":{"home":null,"away":null}}}]}]}