{"get":"predictions","parameters":{"fixture":"930516"},"errors":[],"results":1,"paging":{"current":1,"total":1},"response":[{"predictions":{"winner":{"id":2698,"name":"Chippa United","comment":"Win or draw"},"win_or_draw":true,"under_over":null,"goals":{"home":"-1.5","away":"-1.5"},"advice":"Double chance : Chippa United or draw","percent":{"home":"45%","draw":"45%","away":"10%"}},"league":{"id":288,"name":"Premier Soccer League","country":"South-Africa","logo":"https:\/\/media-3.api-sports.io\/football\/leagues\/288.png","flag":"https:\/\/media.api-sports.io\/flags\/za.svg","season":2022},"teams":{"home":{"id":2698,"name":"Chippa United","logo":"https:\/\/media-3.api-sports.io\/football\/teams\/2698.png","last_5":{"form":"33%","att":"36%","def":"45%","goals":{"for":{"total":4,"average":"0.8"},"against":{"total":6,"average":"1.2"}}},"league":{"form":"DLWLDLLWWWWLDDLLDDW","fixtures":{"played":{"home":8,"away":11,"total":19},"wins":{"home":3,"away":3,"total":6},"draws":{"home":3,"away":3,"total":6},"loses":{"home":2,"away":5,"total":7}},"goals":{"for":{"total":{"home":8,"away":13,"total":21},"average":{"home":"1.0","away":"1.2","total":"1.1"},"minute":{"0-15":{"total":1,"percentage":"4.55%"},"16-30":{"total":3,"percentage":"13.64%"},"31-45":{"total":3,"percentage":"13.64%"},"46-60":{"total":6,"percentage":"27.27%"},"61-75":{"total":4,"percentage":"18.18%"},"76-90":{"total":4,"percentage":"18.18%"},"91-105":{"total":1,"percentage":"4.55%"},"106-120":{"total":null,"percentage":null}}},"against":{"total":{"home":8,"away":16,"total":24},"average":{"home":"1.0","away":"1.5","total":"1.3"},"minute":{"0-15":{"total":2,"percentage":"8.70%"},"16-30":{"total":3,"percentage":"13.04%"},"31-45":{"total":5,"percentage":"21.74%"},"46-60":{"total":2,"percentage":"8.70%"},"61-75":{"total":5,"percentage":"21.74%"},"76-90":{"total":3,"percentage":"13.04%"},"91-105":{"total":3,"percentage":"13.04%"},"106-120":{"total":null,"percentage":null}}}},"biggest":{"streak":{"wins":4,"draws":2,"loses":2},"wins":{"home":"1-0","away":"1-2"},"loses":{"home":"1-3","away":"2-0"},"goals":{"for":{"home":3,"away":2},"against":{"home":3,"away":3}}},"clean_sheet":{"home":4,"away":1,"total":5},"failed_to_score":{"home":2,"away":1,"total":3},"penalty":{"scored":{"total":1,"percentage":"100.00%"},"missed":{"total":0,"percentage":"0%"},"total":1},"lineups":[{"formation":"4-4-1-1","played":11},{"formation":"4-4-2","played":2},{"formation":"4-1-4-1","played":2},{"formation":"5-4-1","played":1},{"formation":"3-5-2","played":1},{"formation":"3-4-2-1","played":1}],"cards":{"yellow":{"0-15":{"total":2,"percentage":"6.06%"},"16-30":{"total":4,"percentage":"12.12%"},"31-45":{"total":5,"percentage":"15.15%"},"46-60":{"total":4,"percentage":"12.12%"},"61-75":{"total":5,"percentage":"15.15%"},"76-90":{"total":8,"percentage":"24.24%"},"91-105":{"total":5,"percentage":"15.15%"},"106-120":{"total":null,"percentage":null}},"red":{"0-15":{"total":null,"percentage":null},"16-30":{"total":null,"percentage":null},"31-45":{"total":null,"percentage":null},"46-60":{"total":null,"percentage":null},"61-75":{"total":null,"percentage":null},"76-90":{"total":null,"percentage":null},"91-105":{"total":null,"percentage":null},"106-120":{"total":null,"percentage":null}}}}},"away":{"id":4905,"name":"Stellenbosch","logo":"https:\/\/media-3.api-sports.io\/football\/teams\/4905.png","last_5":{"form":"33%","att":"45%","def":"27%","goals":{"for":{"total":5,"average":"1.0"},"against":{"total":8,"average":"1.6"}}},"league":{"form":"DDWDLLWDWLDLLDDDLLW","fixtures":{"played":{"home":10,"away":9,"total":19},"wins":{"home":3,"away":1,"total":4},"draws":{"home":3,"away":5,"total":8},"loses":{"home":4,"away":3,"total":7}},"goals":{"for":{"total":{"home":14,"away":6,"total":20},"average":{"home":"1.4","away":"0.7","total":"1.1"},"minute":{"0-15":{"total":1,"percentage":"5.26%"},"16-30":{"total":3,"percentage":"15.79%"},"31-45":{"total":3,"percentage":"15.79%"},"46-60":{"total":7,"percentage":"36.84%"},"61-75":{"total":4,"percentage":"21.05%"},"76-90":{"total":1,"percentage":"5.26%"},"91-105":{"total":null,"percentage":null},"106-120":{"total":null,"percentage":null}}},"against":{"total":{"home":14,"away":12,"total":26},"average":{"home":"1.4","away":"1.3","total":"1.4"},"minute":{"0-15":{"total":3,"percentage":"11.11%"},"16-30":{"total":3,"percentage":"11.11%"},"31-45":{"total":8,"percentage":"29.63%"},"46-60":{"total":5,"percentage":"18.52%"},"61-75":{"total":4,"percentage":"14.81%"},"76-90":{"total":3,"percentage":"11.11%"},"91-105":{"total":1,"percentage":"3.70%"},"106-120":{"total":null,"percentage":null}}}},"biggest":{"streak":{"wins":1,"draws":3,"loses":2},"wins":{"home":"3-0","away":"1-2"},"loses":{"home":"1-3","away":"4-1"},"goals":{"for":{"home":3,"away":2},"against":{"home":3,"away":4}}},"clean_sheet":{"home":1,"away":2,"total":3},"failed_to_score":{"home":2,"away":4,"total":6},"penalty":{"scored":{"total":1,"percentage":"100.00%"},"missed":{"total":0,"percentage":"0%"},"total":1},"lineups":[{"formation":"4-4-2","played":10},{"formation":"4-3-3","played":5},{"formation":"3-5-1-1","played":3},{"formation":"4-1-4-1","played":1}],"cards":{"yellow":{"0-15":{"total":1,"percentage":"4.35%"},"16-30":{"total":null,"percentage":null},"31-45":{"total":4,"percentage":"17.39%"},"46-60":{"total":6,"percentage":"26.09%"},"61-75":{"total":10,"percentage":"43.48%"},"76-90":{"total":1,"percentage":"4.35%"},"91-105":{"total":1,"percentage":"4.35%"},"106-120":{"total":null,"percentage":null}},"red":{"0-15":{"total":null,"percentage":null},"16-30":{"total":null,"percentage":null},"31-45":{"total":null,"percentage":null},"46-60":{"total":1,"percentage":"100.00%"},"61-75":{"total":null,"percentage":null},"76-90":{"total":null,"percentage":null},"91-105":{"total":null,"percentage":null},"106-120":{"total":null,"percentage":null}}}}}},"comparison":{"form":{"home":"50%","away":"50%"},"att":{"home":"44%","away":"56%"},"def":{"home":"57%","away":"43%"},"poisson_distribution":{"home":"60%","away":"40%"},"h2h":{"home":"50%","away":"50%"},"goals":{"home":"44%","away":"56%"},"total":{"home":"50.8%","away":"49.2%"}},"h2h":[{"fixture":{"id":930478,"referee":"Sikhumbuzo Gasa, South Africa","timezone":"UTC","date":"2022-12-30T15:30:00+00:00","timestamp":1672414200,"periods":{"first":1672414200,"second":1672417800},"venue":{"id":12714,"name":"Danie Craven Stadium","city":"Stellenbosch"},"status":{"long":"Match Finished","short":"FT","elapsed":90}},"league":{"id":288,"name":"Premier Soccer League","country":"South-Africa","logo":"https:\/\/media.api-sports.io\/football\/leagues\/288.png","flag":"https:\/\/media.api-sports.io\/flags\/za.svg","season":2022,"round":"Regular Season - 11"},"teams":{"home":{"id":4905,"name":"Stellenbosch","logo":"https:\/\/media-3.api-sports.io\/football\/teams\/4905.png","winner":null},"away":{"id":2698,"name":"Chippa United","logo":"https:\/\/media-3.api-sports.io\/football\/teams\/2698.png","winner":null}},"goals":{"home":1,"away":1},"score":{"halftime":{"home":0,"away":0},"fulltime":{"home":1,"away":1},"extratime":{"home":null,"away":null},"penalty":{"home":null,"away":null}}},{"fixture":{"id":758256,"referee":"E. Mdluli","timezone":"UTC","date":"2022-04-17T13:00:00+00:00","timestamp":1650200400,"periods":{"first":1650200400,"second":1650204000},"venue":{"id":1718,"name":"Nelson Mandela Bay Stadium","city":"Port Elizabeth"},"status":{"long":"Match Finished","short":"FT","elapsed":90}},"league":{"id":288,"name":"Premier Soccer League","country":"South-Africa","logo":"https:\/\/media-3.api-sports.io\/football\/leagues\/288.png","flag":"https:\/\/media-3.api-sports.io\/flags\/za.svg","season":2021,"round":"Regular Season - 20"},"teams":{"home":{"id":2698,"name":"Chippa United","logo":"https:\/\/media-3.api-sports.io\/football\/teams\/2698.png","winner":true},"away":{"id":4905,"name":"Stellenbosch","logo":"https:\/\/media-3.api-sports.io\/football\/teams\/4905.png","winner":false}},"goals":{"home":1,"away":0},"score":{"halftime":{"home":0,"away":0},"fulltime":{"home":1,"away":0},"extratime":{"home":null,"away":null},"penalty":{"home":null,"away":null}}},{"fixture":{"id":758093,"referee":"E. Mdluli","timezone":"UTC","date":"2021-09-25T15:00:00+00:00","timestamp":1632582000,"periods":{"first":1632582000,"second":1632585600},"venue":{"id":12714,"name":"Danie Craven Stadium","city":"Stellenbosch"},"status":{"long":"Match Finished","short":"FT","elapsed":90}},"league":{"id":288,"name":"Premier Soccer League","country":"South-Africa","logo":"https:\/\/media-3.api-sports.io\/football\/leagues\/288.png","flag":"https:\/\/media-3.api-sports.io\/flags\/za.svg","season":2021,"round":"Regular Season - 4"},"teams":{"home":{"id":4905,"name":"Stellenbosch","logo":"https:\/\/media.api-sports.io\/football\/teams\/4905.png","winner":true},"away":{"id":2698,"name":"Chippa United","logo":"https:\/\/media.api-sports.io\/football\/teams\/2698.png","winner":false}},"goals":{"home":2,"away":1},"score":{"halftime":{"home":2,"away":1},"fulltime":{"home":2,"away":1},"extratime":{"home":null,"away":null},"penalty":{"home":null,"away":null}}},{"fixture":{"id":643435,"referee":"V. Hlungwani","timezone":"UTC","date":"2021-05-01T13:00:00+00:00","timestamp":1619874000,"periods":{"first":1619874000,"second":1619877600},"venue":{"id":1448,"name":"Sisa Dukashe Stadium","city":"Mdantsane"},"status":{"long":"Match Finished","short":"FT","elapsed":90}},"league":{"id":288,"name":"Premier Soccer League","country":"South-Africa","logo":"https:\/\/media.api-sports.io\/football\/leagues\/288.png","flag":"https:\/\/media.api-sports.io\/flags\/za.svg","season":2020,"round":"Regular Season - 20"},"teams":{"home":{"id":2698,"name":"Chippa United","logo":"https:\/\/media.api-sports.io\/football\/teams\/2698.png","winner":true},"away":{"id":4905,"name":"Stellenbosch","logo":"https:\/\/media-3.api-sports.io\/football\/teams\/4905.png","winner":false}},"goals":{"home":1,"away":0},"score":{"halftime":{"home":1,"away":0},"fulltime":{"home":1,"away":0},"extratime":{"home":null,"away":null},"penalty":{"home":null,"away":null}}},{"fixture":{"id":643260,"referee":"P. Tinyani","timezone":"UTC","date":"2020-11-21T13:30:00+00:00","timestamp":1605965400,"periods":{"first":1605965400,"second":1605969000},"venue":{"id":12714,"name":"Danie Craven Stadium","city":"Stellenbosch"},"status":{"long":"Match Finished","short":"FT","elapsed":90}},"league":{"id":288,"name":"Premier Soccer League","country":"South-Africa","logo":"https:\/\/media.api-sports.io\/football\/leagues\/288.png","flag":"https:\/\/media.api-sports.io\/flags\/za.svg","season":2020,"round":"Regular Season - 3"},"teams":{"home":{"id":4905,"name":"Stellenbosch","logo":"https:\/\/media-3.api-sports.io\/football\/teams\/4905.png","winner":true},"away":{"id":2698,"name":"Chippa United","logo":"https:\/\/media-3.api-sports.io\/football\/teams\/2698.png","winner":false}},"goals":{"home":2,"away":0},"score":{"halftime":{"home":1,"away":0},"fulltime":{"home":2,"away":0},"extratime":{"home":null,"away":null},"penalty":{"home":null,"away":null}}},{"fixture":{"id":213696,"referee":"S. Gasa","timezone":"UTC","date":"2020-08-28T16:00:00+00:00","timestamp":1598630400,"periods":{"first":1598630400,"second":1598634000},"venue":{"id":7258,"name":"ABSA Tuks Stadium","city":"Tshwane"},"status":{"long":"Match Finished","short":"FT","elapsed":90}},"league":{"id":288,"name":"Premier Soccer League","country":"South-Africa","logo":"https:\/\/media-3.api-sports.io\/football\/leagues\/288.png","flag":"https:\/\/media-3.api-sports.io\/flags\/za.svg","season":2019,"round":"Regular Season - 22"},"teams":{"home":{"id":4905,"name":"Stellenbosch","logo":"https:\/\/media.api-sports.io\/football\/teams\/4905.png","winner":null},"away":{"id":2698,"name":"Chippa United","logo":"https:\/\/media.api-sports.io\/football\/teams\/2698.png","winner":null}},"goals":{"home":1,"away":1},"score":{"halftime":{"home":1,"away":0},"fulltime":{"home":1,"away":1},"extratime":{"home":null,"away":null},"penalty":{"home":null,"away":null}}},{"fixture":{"id":213481,"referee":"O. Kwinda","timezone":"UTC","date":"2019-08-03T13:00:00+00:00","timestamp":1564837200,"periods":{"first":1564837200,"second":1564840800},"venue":{"id":1718,"name":"Nelson Mandela Bay Stadium","city":"Port Elizabeth"},"status":{"long":"Match Finished","short":"FT","elapsed":90}},"league":{"id":288,"name":"Premier Soccer League","country":"South-Africa","logo":"https:\/\/media-3.api-sports.io\/football\/leagues\/288.png","flag":"https:\/\/media-3.api-sports.io\/flags\/za.svg","season":2019,"round":"Regular Season - 1"},"teams":{"home":{"id":2698,"name":"Chippa United","logo":"https:\/\/media.api-sports.io\/football\/teams\/2698.png","winner":null},"away":{"id":4905,"name":"Stellenbosch","logo":"https:\/\/media-3.api-sports.io\/football\/teams\/4905.png","winner":null}},"goals":{"home":0,"away":0},"score":{"halftime":{"home":0,"away":0},"fulltime":{"home":0,"away":0},"extratime":{"home":null,"away":null},"penalty":{"home":null,"away":null}}}]}]}