{"get":"predictions","parameters":{"fixture":"930529"},"errors":[],"results":1,"paging":{"current":1,"total":1},"response":[{"predictions":{"winner":{"id":10566,"name":"Royal AM","comment":"Win or draw"},"win_or_draw":true,"under_over":"-3.5","goals":{"home":"-1.5","away":"-1.5"},"advice":"Combo Double chance : Royal AM or draw and -3.5 goals","percent":{"home":"35%","draw":"35%","away":"30%"}},"league":{"id":288,"name":"Premier Soccer League","country":"South-Africa","logo":"https:\/\/media.api-sports.io\/football\/leagues\/288.png","flag":"https:\/\/media-3.api-sports.io\/flags\/za.svg","season":2022},"teams":{"home":{"id":10566,"name":"Royal AM","logo":"https:\/\/media.api-sports.io\/football\/teams\/10566.png","last_5":{"form":"33%","att":"36%","def":"45%","goals":{"for":{"total":4,"average":"0.8"},"against":{"total":6,"average":"1.2"}}},"league":{"form":"WWLLDWWLLLWLLDWLDL","fixtures":{"played":{"home":10,"away":8,"total":18},"wins":{"home":4,"away":2,"total":6},"draws":{"home":3,"away":0,"total":3},"loses":{"home":3,"away":6,"total":9}},"goals":{"for":{"total":{"home":10,"away":9,"total":19},"average":{"home":"1.0","away":"1.1","total":"1.1"},"minute":{"0-15":{"total":6,"percentage":"30.00%"},"16-30":{"total":1,"percentage":"5.00%"},"31-45":{"total":4,"percentage":"20.00%"},"46-60":{"total":2,"percentage":"10.00%"},"61-75":{"total":1,"percentage":"5.00%"},"76-90":{"total":4,"percentage":"20.00%"},"91-105":{"total":2,"percentage":"10.00%"},"106-120":{"total":null,"percentage":null}}},"against":{"total":{"home":9,"away":17,"total":26},"average":{"home":"0.9","away":"2.1","total":"1.4"},"minute":{"0-15":{"total":2,"percentage":"8.00%"},"16-30":{"total":1,"percentage":"4.00%"},"31-45":{"total":7,"percentage":"28.00%"},"46-60":{"total":4,"percentage":"16.00%"},"61-75":{"total":2,"percentage":"8.00%"},"76-90":{"total":6,"percentage":"24.00%"},"91-105":{"total":3,"percentage":"12.00%"},"106-120":{"total":null,"percentage":null}}}},"biggest":{"streak":{"wins":2,"draws":1,"loses":3},"wins":{"home":"3-1","away":"1-3"},"loses":{"home":"0-3","away":"3-1"},"goals":{"for":{"home":3,"away":3},"against":{"home":3,"away":3}}},"clean_sheet":{"home":4,"away":0,"total":4},"failed_to_score":{"home":4,"away":2,"total":6},"penalty":{"scored":{"total":0,"percentage":"0%"},"missed":{"total":0,"percentage":"0%"},"total":0},"lineups":[{"formation":"4-3-3","played":9},{"formation":"3-4-3","played":4},{"formation":"4-2-3-1","played":4},{"formation":"4-4-2","played":1}],"cards":{"yellow":{"0-15":{"total":1,"percentage":"4.17%"},"16-30":{"total":1,"percentage":"4.17%"},"31-45":{"total":3,"percentage":"12.50%"},"46-60":{"total":9,"percentage":"37.50%"},"61-75":{"total":3,"percentage":"12.50%"},"76-90":{"total":5,"percentage":"20.83%"},"91-105":{"total":2,"percentage":"8.33%"},"106-120":{"total":null,"percentage":null}},"red":{"0-15":{"total":null,"percentage":null},"16-30":{"total":null,"percentage":null},"31-45":{"total":null,"percentage":null},"46-60":{"total":null,"percentage":null},"61-75":{"total":null,"percentage":null},"76-90":{"total":null,"percentage":null},"91-105":{"total":1,"percentage":"100.00%"},"106-120":{"total":null,"percentage":null}}}}},"away":{"id":2694,"name":"Supersport United","logo":"https:\/\/media.api-sports.io\/football\/teams\/2694.png","last_5":{"form":"33%","att":"27%","def":"64%","goals":{"for":{"total":3,"average":"0.6"},"against":{"total":4,"average":"0.8"}}},"league":{"form":"DLLDWWWLWWWDWWLLDD","fixtures":{"played":{"home":8,"away":10,"total":18},"wins":{"home":4,"away":4,"total":8},"draws":{"home":4,"away":1,"total":5},"loses":{"home":0,"away":5,"total":5}},"goals":{"for":{"total":{"home":12,"away":9,"total":21},"average":{"home":"1.5","away":"0.9","total":"1.2"},"minute":{"0-15":{"total":3,"percentage":"15.00%"},"16-30":{"total":null,"percentage":null},"31-45":{"total":2,"percentage":"10.00%"},"46-60":{"total":8,"percentage":"40.00%"},"61-75":{"total":3,"percentage":"15.00%"},"76-90":{"total":3,"percentage":"15.00%"},"91-105":{"total":1,"percentage":"5.00%"},"106-120":{"total":null,"percentage":null}}},"against":{"total":{"home":6,"away":10,"total":16},"average":{"home":"0.8","away":"1.0","total":"0.9"},"minute":{"0-15":{"total":null,"percentage":null},"16-30":{"total":2,"percentage":"11.76%"},"31-45":{"total":4,"percentage":"23.53%"},"46-60":{"total":2,"percentage":"11.76%"},"61-75":{"total":5,"percentage":"29.41%"},"76-90":{"total":3,"percentage":"17.65%"},"91-105":{"total":1,"percentage":"5.88%"},"106-120":{"total":null,"percentage":null}}}},"biggest":{"streak":{"wins":3,"draws":1,"loses":2},"wins":{"home":"3-1","away":"0-2"},"loses":{"home":null,"away":"2-0"},"goals":{"for":{"home":3,"away":2},"against":{"home":1,"away":2}}},"clean_sheet":{"home":2,"away":4,"total":6},"failed_to_score":{"home":1,"away":3,"total":4},"penalty":{"scored":{"total":1,"percentage":"100.00%"},"missed":{"total":0,"percentage":"0%"},"total":1},"lineups":[{"formation":"4-4-2","played":11},{"formation":"4-2-3-1","played":5},{"formation":"3-4-1-2","played":1},{"formation":"4-4-1-1","played":1}],"cards":{"yellow":{"0-15":{"total":1,"percentage":"3.57%"},"16-30":{"total":2,"percentage":"7.14%"},"31-45":{"total":6,"percentage":"21.43%"},"46-60":{"total":3,"percentage":"10.71%"},"61-75":{"total":5,"percentage":"17.86%"},"76-90":{"total":10,"percentage":"35.71%"},"91-105":{"total":1,"percentage":"3.57%"},"106-120":{"total":null,"percentage":null}},"red":{"0-15":{"total":null,"percentage":null},"16-30":{"total":null,"percentage":null},"31-45":{"total":null,"percentage":null},"46-60":{"total":null,"percentage":null},"61-75":{"total":null,"percentage":null},"76-90":{"total":null,"percentage":null},"91-105":{"total":1,"percentage":"100.00%"},"106-120":{"total":null,"percentage":null}}}}}},"comparison":{"form":{"home":"50%","away":"50%"},"att":{"home":"57%","away":"43%"},"def":{"home":"40%","away":"60%"},"poisson_distribution":{"home":"48%","away":"52%"},"h2h":{"home":"67%","away":"33%"},"goals":{"home":"56%","away":"44%"},"total":{"home":"53.0%","away":"47.0%"}},"h2h":[{"fixture":{"id":930439,"referee":"Siyabulela Qunta, South Africa","timezone":"UTC","date":"2022-10-04T17:30:00+00:00","timestamp":1664904600,"periods":{"first":1664904600,"second":1664908200},"venue":{"id":1451,"name":"Lucas Masterpieces Moripe Stadium","city":"Pretoria, GT"},"status":{"long":"Match Finished","short":"FT","elapsed":90}},"league":{"id":288,"name":"Premier Soccer League","country":"South-Africa","logo":"https:\/\/media.api-sports.io\/football\/leagues\/288.png","flag":"https:\/\/media.api-sports.io\/flags\/za.svg","season":2022,"round":"Regular Season - 7"},"teams":{"home":{"id":2694,"name":"Supersport United","logo":"https:\/\/media.api-sports.io\/football\/teams\/2694.png","winner":true},"away":{"id":10566,"name":"Royal AM","logo":"https:\/\/media-3.api-sports.io\/football\/teams\/10566.png","winner":false}},"goals":{"home":3,"away":1},"score":{"halftime":{"home":0,"away":0},"fulltime":{"home":3,"away":1},"extratime":{"home":null,"away":null},"penalty":{"home":null,"away":null}}},{"fixture":{"id":758214,"referee":"M. Bambiso","timezone":"UTC","date":"2022-02-27T13:30:00+00:00","timestamp":1645968600,"periods":{"first":1645968600,"second":1645972200},"venue":{"id":1451,"name":"Lucas Masterpieces Moripe Stadium","city":"Pretoria, GT"},"status":{"long":"Match Finished","short":"FT","elapsed":90}},"league":{"id":288,"name":"Premier Soccer League","country":"South-Africa","logo":"https:\/\/media.api-sports.io\/football\/leagues\/288.png","flag":"https:\/\/media-3.api-sports.io\/flags\/za.svg","season":2021,"round":"Regular Season - 16"},"teams":{"home":{"id":2694,"name":"Supersport United","logo":"https:\/\/media-3.api-sports.io\/football\/teams\/2694.png","winner":false},"away":{"id":10566,"name":"Royal AM","logo":"https:\/\/media-3.api-sports.io\/football\/teams\/10566.png","winner":true}},"goals":{"home":0,"away":2},"score":{"halftime":{"home":0,"away":1},"fulltime":{"home":0,"away":2},"extratime":{"home":null,"away":null},"penalty":{"home":null,"away":null}}},{"fixture":{"id":758121,"referee":"V. Hlungwani","timezone":"UTC","date":"2021-11-02T15:30:00+00:00","timestamp":1635867000,"periods":{"first":1635867000,"second":1635870600},"venue":{"id":7262,"name":"Chatsworth Stadium","city":"Durban, KN"},"status":{"long":"Match Finished","short":"FT","elapsed":90}},"league":{"id":288,"name":"Premier Soccer League","country":"South-Africa","logo":"https:\/\/media.api-sports.io\/football\/leagues\/288.png","flag":"https:\/\/media-3.api-sports.io\/flags\/za.svg","season":2021,"round":"Regular Season - 7"},"teams":{"home":{"id":10566,"name":"Royal AM","logo":"https:\/\/media.api-sports.io\/football\/teams\/10566.png","winner":true},"away":{"id":2694,"name":"Supersport United","logo":"https:\/\/media.api-sports.io\/football\/teams\/2694.png","winner":false}},"goals":{"home":2,"away":1},"score":{"halftime":{"home":0,"away":1},"fulltime":{"home":2,"away":1},"extratime":{"home":null,"away":null},"penalty":{"home":null,"away":null}}}]}]}