{"get":"predictions","parameters":{"fixture":"930507"},"errors":[],"results":1,"paging":{"current":1,"total":1},"response":[{"predictions":{"winner":{"id":2697,"name":"Cape Town City","comment":"Win or draw"},"win_or_draw":true,"under_over":null,"goals":{"home":"-2.5","away":"-2.5"},"advice":"Double chance : draw or Cape Town City","percent":{"home":"10%","draw":"45%","away":"45%"}},"league":{"id":288,"name":"Premier Soccer League","country":"South-Africa","logo":"https:\/\/media-3.api-sports.io\/football\/leagues\/288.png","flag":"https:\/\/media-3.api-sports.io\/flags\/za.svg","season":2022},"teams":{"home":{"id":4905,"name":"Stellenbosch","logo":"https:\/\/media.api-sports.io\/football\/teams\/4905.png","last_5":{"form":"20%","att":"18%","def":"59%","goals":{"for":{"total":3,"average":"0.6"},"against":{"total":7,"average":"1.4"}}},"league":{"form":"DDWDLLWDWLDLLDDDLL","fixtures":{"played":{"home":9,"away":9,"total":18},"wins":{"home":2,"away":1,"total":3},"draws":{"home":3,"away":5,"total":8},"loses":{"home":4,"away":3,"total":7}},"goals":{"for":{"total":{"home":11,"away":6,"total":17},"average":{"home":"1.2","away":"0.7","total":"0.9"},"minute":{"0-15":{"total":1,"percentage":"6.25%"},"16-30":{"total":3,"percentage":"18.75%"},"31-45":{"total":2,"percentage":"12.50%"},"46-60":{"total":6,"percentage":"37.50%"},"61-75":{"total":4,"percentage":"25.00%"},"76-90":{"total":null,"percentage":null},"91-105":{"total":null,"percentage":null},"106-120":{"total":null,"percentage":null}}},"against":{"total":{"home":12,"away":12,"total":24},"average":{"home":"1.3","away":"1.3","total":"1.3"},"minute":{"0-15":{"total":2,"percentage":"8.00%"},"16-30":{"total":3,"percentage":"12.00%"},"31-45":{"total":7,"percentage":"28.00%"},"46-60":{"total":5,"percentage":"20.00%"},"61-75":{"total":4,"percentage":"16.00%"},"76-90":{"total":3,"percentage":"12.00%"},"91-105":{"total":1,"percentage":"4.00%"},"106-120":{"total":null,"percentage":null}}}},"biggest":{"streak":{"wins":1,"draws":3,"loses":2},"wins":{"home":"3-0","away":"1-2"},"loses":{"home":"1-3","away":"4-1"},"goals":{"for":{"home":3,"away":2},"against":{"home":3,"away":4}}},"clean_sheet":{"home":1,"away":2,"total":3},"failed_to_score":{"home":2,"away":4,"total":6},"penalty":{"scored":{"total":1,"percentage":"100.00%"},"missed":{"total":0,"percentage":"0%"},"total":1},"lineups":[{"formation":"4-4-2","played":9},{"formation":"4-3-3","played":5},{"formation":"3-5-1-1","played":3},{"formation":"4-1-4-1","played":1}],"cards":{"yellow":{"0-15":{"total":1,"percentage":"4.76%"},"16-30":{"total":null,"percentage":null},"31-45":{"total":4,"percentage":"19.05%"},"46-60":{"total":6,"percentage":"28.57%"},"61-75":{"total":9,"percentage":"42.86%"},"76-90":{"total":1,"percentage":"4.76%"},"91-105":{"total":null,"percentage":null},"106-120":{"total":null,"percentage":null}},"red":{"0-15":{"total":null,"percentage":null},"16-30":{"total":null,"percentage":null},"31-45":{"total":null,"percentage":null},"46-60":{"total":1,"percentage":"100.00%"},"61-75":{"total":null,"percentage":null},"76-90":{"total":null,"percentage":null},"91-105":{"total":null,"percentage":null},"106-120":{"total":null,"percentage":null}}}}},"away":{"id":2697,"name":"Cape Town City","logo":"https:\/\/media-3.api-sports.io\/football\/teams\/2697.png","last_5":{"form":"67%","att":"35%","def":"76%","goals":{"for":{"total":6,"average":"1.2"},"against":{"total":4,"average":"0.8"}}},"league":{"form":"LLLDDWWDDLWLWLWDW","fixtures":{"played":{"home":10,"away":7,"total":17},"wins":{"home":5,"away":1,"total":6},"draws":{"home":3,"away":2,"total":5},"loses":{"home":2,"away":4,"total":6}},"goals":{"for":{"total":{"home":10,"away":7,"total":17},"average":{"home":"1.0","away":"1.0","total":"1.0"},"minute":{"0-15":{"total":2,"percentage":"11.76%"},"16-30":{"total":1,"percentage":"5.88%"},"31-45":{"total":5,"percentage":"29.41%"},"46-60":{"total":null,"percentage":null},"61-75":{"total":4,"percentage":"23.53%"},"76-90":{"total":3,"percentage":"17.65%"},"91-105":{"total":2,"percentage":"11.76%"},"106-120":{"total":null,"percentage":null}}},"against":{"total":{"home":7,"away":10,"total":17},"average":{"home":"0.7","away":"1.4","total":"1.0"},"minute":{"0-15":{"total":null,"percentage":null},"16-30":{"total":4,"percentage":"23.53%"},"31-45":{"total":4,"percentage":"23.53%"},"46-60":{"total":2,"percentage":"11.76%"},"61-75":{"total":3,"percentage":"17.65%"},"76-90":{"total":2,"percentage":"11.76%"},"91-105":{"total":2,"percentage":"11.76%"},"106-120":{"total":null,"percentage":null}}}},"biggest":{"streak":{"wins":2,"draws":2,"loses":3},"wins":{"home":"2-0","away":"0-1"},"loses":{"home":"0-2","away":"3-2"},"goals":{"for":{"home":2,"away":2},"against":{"home":2,"away":3}}},"clean_sheet":{"home":4,"away":1,"total":5},"failed_to_score":{"home":4,"away":1,"total":5},"penalty":{"scored":{"total":0,"percentage":"0%"},"missed":{"total":0,"percentage":"0%"},"total":0},"lineups":[{"formation":"4-3-3","played":6},{"formation":"3-5-2","played":5},{"formation":"5-2-3","played":2},{"formation":"3-4-3","played":2},{"formation":"4-2-3-1","played":1},{"formation":"4-1-2-3","played":1}],"cards":{"yellow":{"0-15":{"total":4,"percentage":"10.26%"},"16-30":{"total":7,"percentage":"17.95%"},"31-45":{"total":5,"percentage":"12.82%"},"46-60":{"total":3,"percentage":"7.69%"},"61-75":{"total":6,"percentage":"15.38%"},"76-90":{"total":11,"percentage":"28.21%"},"91-105":{"total":3,"percentage":"7.69%"},"106-120":{"total":null,"percentage":null}},"red":{"0-15":{"total":null,"percentage":null},"16-30":{"total":null,"percentage":null},"31-45":{"total":null,"percentage":null},"46-60":{"total":null,"percentage":null},"61-75":{"total":null,"percentage":null},"76-90":{"total":null,"percentage":null},"91-105":{"total":1,"percentage":"100.00%"},"106-120":{"total":null,"percentage":null}}}}}},"comparison":{"form":{"home":"23%","away":"77%"},"att":{"home":"33%","away":"67%"},"def":{"home":"36%","away":"64%"},"poisson_distribution":{"home":"51%","away":"49%"},"h2h":{"home":"71%","away":"29%"},"goals":{"home":"67%","away":"33%"},"total":{"home":"46.8%","away":"53.2%"}},"h2h":[{"fixture":{"id":930402,"referee":"T. Ndzandzeka","timezone":"UTC","date":"2022-08-20T15:30:00+00:00","timestamp":1661009400,"periods":{"first":1661009400,"second":1661013000},"venue":{"id":12713,"name":"DHL Stadium","city":"Cape Town"},"status":{"long":"Match Finished","short":"FT","elapsed":90}},"league":{"id":288,"name":"Premier Soccer League","country":"South-Africa","logo":"https:\/\/media-3.api-sports.io\/football\/leagues\/288.png","flag":"https:\/\/media-3.api-sports.io\/flags\/za.svg","season":2022,"round":"Regular Season - 4"},"teams":{"home":{"id":2697,"name":"Cape Town City","logo":"https:\/\/media.api-sports.io\/football\/teams\/2697.png","winner":null},"away":{"id":4905,"name":"Stellenbosch","logo":"https:\/\/media.api-sports.io\/football\/teams\/4905.png","winner":null}},"goals":{"home":1,"away":1},"score":{"halftime":{"home":1,"away":0},"fulltime":{"home":1,"away":1},"extratime":{"home":null,"away":null},"penalty":{"home":null,"away":null}}},{"fixture":{"id":758295,"referee":"C. Muchali","timezone":"UTC","date":"2022-05-21T13:00:00+00:00","timestamp":1653138000,"periods":{"first":1653138000,"second":1653141600},"venue":{"id":12714,"name":"Danie Craven Stadium","city":"Stellenbosch"},"status":{"long":"Match Finished","short":"FT","elapsed":90}},"league":{"id":288,"name":"Premier Soccer League","country":"South-Africa","logo":"https:\/\/media-3.api-sports.io\/football\/leagues\/288.png","flag":"https:\/\/media-3.api-sports.io\/flags\/za.svg","season":2021,"round":"Regular Season - 24"},"teams":{"home":{"id":4905,"name":"Stellenbosch","logo":"https:\/\/media-3.api-sports.io\/football\/teams\/4905.png","winner":true},"away":{"id":2697,"name":"Cape Town City","logo":"https:\/\/media.api-sports.io\/football\/teams\/2697.png","winner":false}},"goals":{"home":1,"away":0},"score":{"halftime":{"home":0,"away":0},"fulltime":{"home":1,"away":0},"extratime":{"home":null,"away":null},"penalty":{"home":null,"away":null}}},{"fixture":{"id":758082,"referee":"V. Hlungwani","timezone":"UTC","date":"2021-09-18T15:00:00+00:00","timestamp":1631977200,"periods":{"first":1631977200,"second":1631980800},"venue":{"id":7254,"name":"Athlone Stadium","city":"Cape Town, WC"},"status":{"long":"Match Finished","short":"FT","elapsed":90}},"league":{"id":288,"name":"Premier Soccer League","country":"South-Africa","logo":"https:\/\/media-3.api-sports.io\/football\/leagues\/288.png","flag":"https:\/\/media-3.api-sports.io\/flags\/za.svg","season":2021,"round":"Regular Season - 3"},"teams":{"home":{"id":2697,"name":"Cape Town City","logo":"https:\/\/media.api-sports.io\/football\/teams\/2697.png","winner":false},"away":{"id":4905,"name":"Stellenbosch","logo":"https:\/\/media-3.api-sports.io\/football\/teams\/4905.png","winner":true}},"goals":{"home":0,"away":3},"score":{"halftime":{"home":0,"away":1},"fulltime":{"home":0,"away":3},"extratime":{"home":null,"away":null},"penalty":{"home":null,"away":null}}},{"fixture":{"id":643371,"referee":"P. Tinyani","timezone":"UTC","date":"2021-03-06T13:00:00+00:00","timestamp":1615035600,"periods":{"first":1615035600,"second":1615039200},"venue":{"id":1444,"name":"Cape Town Stadium","city":"Cape Town"},"status":{"long":"Match Finished","short":"FT","elapsed":90}},"league":{"id":288,"name":"Premier Soccer League","country":"South-Africa","logo":"https:\/\/media.api-sports.io\/football\/leagues\/288.png","flag":"https:\/\/media.api-sports.io\/flags\/za.svg","season":2020,"round":"Regular Season - 14"},"teams":{"home":{"id":2697,"name":"Cape Town City","logo":"https:\/\/media.api-sports.io\/football\/teams\/2697.png","winner":false},"away":{"id":4905,"name":"Stellenbosch","logo":"https:\/\/media.api-sports.io\/football\/teams\/4905.png","winner":true}},"goals":{"home":1,"away":2},"score":{"halftime":{"home":1,"away":1},"fulltime":{"home":1,"away":2},"extratime":{"home":null,"away":null},"penalty":{"home":null,"away":null}}},{"fixture":{"id":643283,"referee":"L. Badi","timezone":"UTC","date":"2020-12-15T17:30:00+00:00","timestamp":1608053400,"periods":{"first":1608053400,"second":1608057000},"venue":{"id":12714,"name":"Danie Craven Stadium","city":"Stellenbosch"},"status":{"long":"Match Finished","short":"FT","elapsed":90}},"league":{"id":288,"name":"Premier Soccer League","country":"South-Africa","logo":"https:\/\/media.api-sports.io\/football\/leagues\/288.png","flag":"https:\/\/media.api-sports.io\/flags\/za.svg","season":2020,"round":"Regular Season - 6"},"teams":{"home":{"id":4905,"name":"Stellenbosch","logo":"https:\/\/media.api-sports.io\/football\/teams\/4905.png","winner":false},"away":{"id":2697,"name":"Cape Town City","logo":"https:\/\/media.api-sports.io\/football\/teams\/2697.png","winner":true}},"goals":{"home":1,"away":2},"score":{"halftime":{"home":0,"away":2},"fulltime":{"home":1,"away":2},"extratime":{"home":null,"away":null},"penalty":{"home":null,"away":null}}},{"fixture":{"id":213680,"referee":"T. Ndzandzeka","timezone":"UTC","date":"2020-08-20T16:00:00+00:00","timestamp":1597939200,"periods":{"first":1597939200,"second":1597942800},"venue":{"id":7258,"name":"ABSA Tuks Stadium","city":"Tshwane"},"status":{"long":"Match Finished","short":"FT","elapsed":90}},"league":{"id":288,"name":"Premier Soccer League","country":"South-Africa","logo":"https:\/\/media.api-sports.io\/football\/leagues\/288.png","flag":"https:\/\/media.api-sports.io\/flags\/za.svg","season":2019,"round":"Regular Season - 21"},"teams":{"home":{"id":4905,"name":"Stellenbosch","logo":"https:\/\/media-3.api-sports.io\/football\/teams\/4905.png","winner":true},"away":{"id":2697,"name":"Cape Town City","logo":"https:\/\/media-3.api-sports.io\/football\/teams\/2697.png","winner":false}},"goals":{"home":1,"away":0},"score":{"halftime":{"home":0,"away":0},"fulltime":{"home":1,"away":0},"extratime":{"home":null,"away":null},"penalty":{"home":null,"away":null}}},{"fixture":{"id":213490,"referee":"V. Hlungwani","timezone":"UTC","date":"2019-08-10T16:00:00+00:00","timestamp":1565452800,"periods":{"first":1565452800,"second":1565456400},"venue":{"id":7254,"name":"Athlone Stadium","city":"Cape Town, WC"},"status":{"long":"Match Finished","short":"FT","elapsed":90}},"league":{"id":288,"name":"Premier Soccer League","country":"South-Africa","logo":"https:\/\/media.api-sports.io\/football\/leagues\/288.png","flag":"https:\/\/media.api-sports.io\/flags\/za.svg","season":2019,"round":"Regular Season - 2"},"teams":{"home":{"id":2697,"name":"Cape Town City","logo":"https:\/\/media-3.api-sports.io\/football\/teams\/2697.png","winner":true},"away":{"id":4905,"name":"Stellenbosch","logo":"https:\/\/media-3.api-sports.io\/football\/teams\/4905.png","winner":false}},"goals":{"home":1,"away":0},"score":{"halftime":{"home":1,"away":0},"fulltime":{"home":1,"away":0},"extratime":{"home":null,"away":null},"penalty":{"home":null,"away":null}}}]}]}