{"get":"predictions","parameters":{"fixture":"930521"},"errors":[],"results":1,"paging":{"current":1,"total":1},"response":[{"predictions":{"winner":{"id":10567,"name":"Richards Bay","comment":"Win or draw"},"win_or_draw":true,"under_over":"-3.5","goals":{"home":"-1.5","away":"-2.5"},"advice":"Combo Double chance : draw or Richards Bay and -3.5 goals","percent":{"home":"10%","draw":"45%","away":"45%"}},"league":{"id":288,"name":"Premier Soccer League","country":"South-Africa","logo":"https:\/\/media-3.api-sports.io\/football\/leagues\/288.png","flag":"https:\/\/media-3.api-sports.io\/flags\/za.svg","season":2022},"teams":{"home":{"id":10563,"name":"Moroka Swallows","logo":"https:\/\/media.api-sports.io\/football\/teams\/10563.png","last_5":{"form":"33%","att":"18%","def":"73%","goals":{"for":{"total":2,"average":"0.4"},"against":{"total":3,"average":"0.6"}}},"league":{"form":"LWDLWDLLLDWDLLWDLD","fixtures":{"played":{"home":9,"away":9,"total":18},"wins":{"home":4,"away":0,"total":4},"draws":{"home":2,"away":4,"total":6},"loses":{"home":3,"away":5,"total":8}},"goals":{"for":{"total":{"home":13,"away":2,"total":15},"average":{"home":"1.4","away":"0.2","total":"0.8"},"minute":{"0-15":{"total":null,"percentage":null},"16-30":{"total":2,"percentage":"13.33%"},"31-45":{"total":4,"percentage":"26.67%"},"46-60":{"total":1,"percentage":"6.67%"},"61-75":{"total":4,"percentage":"26.67%"},"76-90":{"total":3,"percentage":"20.00%"},"91-105":{"total":1,"percentage":"6.67%"},"106-120":{"total":null,"percentage":null}}},"against":{"total":{"home":10,"away":11,"total":21},"average":{"home":"1.1","away":"1.2","total":"1.2"},"minute":{"0-15":{"total":4,"percentage":"19.05%"},"16-30":{"total":3,"percentage":"14.29%"},"31-45":{"total":4,"percentage":"19.05%"},"46-60":{"total":3,"percentage":"14.29%"},"61-75":{"total":6,"percentage":"28.57%"},"76-90":{"total":1,"percentage":"4.76%"},"91-105":{"total":null,"percentage":null},"106-120":{"total":null,"percentage":null}}}},"biggest":{"streak":{"wins":1,"draws":1,"loses":3},"wins":{"home":"2-0","away":null},"loses":{"home":"2-3","away":"4-0"},"goals":{"for":{"home":3,"away":1},"against":{"home":3,"away":4}}},"clean_sheet":{"home":4,"away":2,"total":6},"failed_to_score":{"home":2,"away":7,"total":9},"penalty":{"scored":{"total":2,"percentage":"100.00%"},"missed":{"total":0,"percentage":"0%"},"total":2},"lineups":[{"formation":"4-3-3","played":4},{"formation":"3-4-3","played":4},{"formation":"4-4-2","played":4},{"formation":"5-3-2","played":3},{"formation":"4-2-2-2","played":1}],"cards":{"yellow":{"0-15":{"total":null,"percentage":null},"16-30":{"total":1,"percentage":"4.17%"},"31-45":{"total":3,"percentage":"12.50%"},"46-60":{"total":5,"percentage":"20.83%"},"61-75":{"total":5,"percentage":"20.83%"},"76-90":{"total":6,"percentage":"25.00%"},"91-105":{"total":4,"percentage":"16.67%"},"106-120":{"total":null,"percentage":null}},"red":{"0-15":{"total":null,"percentage":null},"16-30":{"total":null,"percentage":null},"31-45":{"total":null,"percentage":null},"46-60":{"total":1,"percentage":"100.00%"},"61-75":{"total":null,"percentage":null},"76-90":{"total":null,"percentage":null},"91-105":{"total":null,"percentage":null},"106-120":{"total":null,"percentage":null}}}}},"away":{"id":10567,"name":"Richards Bay","logo":"https:\/\/media-3.api-sports.io\/football\/teams\/10567.png","last_5":{"form":"53%","att":"45%","def":"64%","goals":{"for":{"total":5,"average":"1.0"},"against":{"total":4,"average":"0.8"}}},"league":{"form":"WDWLLWWDWDDWDWLWDD","fixtures":{"played":{"home":9,"away":9,"total":18},"wins":{"home":3,"away":5,"total":8},"draws":{"home":4,"away":3,"total":7},"loses":{"home":2,"away":1,"total":3}},"goals":{"for":{"total":{"home":4,"away":12,"total":16},"average":{"home":"0.4","away":"1.3","total":"0.9"},"minute":{"0-15":{"total":1,"percentage":"6.67%"},"16-30":{"total":3,"percentage":"20.00%"},"31-45":{"total":1,"percentage":"6.67%"},"46-60":{"total":null,"percentage":null},"61-75":{"total":4,"percentage":"26.67%"},"76-90":{"total":4,"percentage":"26.67%"},"91-105":{"total":2,"percentage":"13.33%"},"106-120":{"total":null,"percentage":null}}},"against":{"total":{"home":4,"away":6,"total":10},"average":{"home":"0.4","away":"0.7","total":"0.6"},"minute":{"0-15":{"total":null,"percentage":null},"16-30":{"total":null,"percentage":null},"31-45":{"total":3,"percentage":"27.27%"},"46-60":{"total":3,"percentage":"27.27%"},"61-75":{"total":2,"percentage":"18.18%"},"76-90":{"total":2,"percentage":"18.18%"},"91-105":{"total":1,"percentage":"9.09%"},"106-120":{"total":null,"percentage":null}}}},"biggest":{"streak":{"wins":2,"draws":2,"loses":2},"wins":{"home":"1-0","away":"0-2"},"loses":{"home":"0-2","away":"1-0"},"goals":{"for":{"home":1,"away":3},"against":{"home":2,"away":3}}},"clean_sheet":{"home":6,"away":5,"total":11},"failed_to_score":{"home":5,"away":2,"total":7},"penalty":{"scored":{"total":1,"percentage":"100.00%"},"missed":{"total":0,"percentage":"0%"},"total":1},"lineups":[{"formation":"4-4-2","played":11},{"formation":"4-1-3-2","played":3},{"formation":"4-3-1-2","played":2},{"formation":"3-1-4-2","played":1},{"formation":"3-4-3","played":1}],"cards":{"yellow":{"0-15":{"total":null,"percentage":null},"16-30":{"total":null,"percentage":null},"31-45":{"total":3,"percentage":"14.29%"},"46-60":{"total":5,"percentage":"23.81%"},"61-75":{"total":8,"percentage":"38.10%"},"76-90":{"total":4,"percentage":"19.05%"},"91-105":{"total":1,"percentage":"4.76%"},"106-120":{"total":null,"percentage":null}},"red":{"0-15":{"total":null,"percentage":null},"16-30":{"total":null,"percentage":null},"31-45":{"total":null,"percentage":null},"46-60":{"total":1,"percentage":"100.00%"},"61-75":{"total":null,"percentage":null},"76-90":{"total":null,"percentage":null},"91-105":{"total":null,"percentage":null},"106-120":{"total":null,"percentage":null}}}}}},"comparison":{"form":{"home":"38%","away":"62%"},"att":{"home":"29%","away":"71%"},"def":{"home":"57%","away":"43%"},"poisson_distribution":{"home":"33%","away":"67%"},"h2h":{"home":"67%","away":"33%"},"goals":{"home":"75%","away":"25%"},"total":{"home":"49.8%","away":"50.2%"}},"h2h":[{"fixture":{"id":930477,"referee":"Masixole Bambiso, South Africa","timezone":"UTC","date":"2022-12-31T13:30:00+00:00","timestamp":1672493400,"periods":{"first":1672493400,"second":1672497000},"venue":{"id":1445,"name":"King Goodwill Zwelithini Stadium","city":"Durban, KN"},"status":{"long":"Match Finished","short":"FT","elapsed":90}},"league":{"id":288,"name":"Premier Soccer League","country":"South-Africa","logo":"https:\/\/media.api-sports.io\/football\/leagues\/288.png","flag":"https:\/\/media-3.api-sports.io\/flags\/za.svg","season":2022,"round":"Regular Season - 11"},"teams":{"home":{"id":10567,"name":"Richards Bay","logo":"https:\/\/media-3.api-sports.io\/football\/teams\/10567.png","winner":true},"away":{"id":10563,"name":"Moroka Swallows","logo":"https:\/\/media-3.api-sports.io\/football\/teams\/10563.png","winner":false}},"goals":{"home":1,"away":0},"score":{"halftime":{"home":1,"away":0},"fulltime":{"home":1,"away":0},"extratime":{"home":null,"away":null},"penalty":{"home":null,"away":null}}},{"fixture":{"id":363225,"referee":"V. Hlungwani","timezone":"UTC","date":"2020-08-26T13:00:00+00:00","timestamp":1598446800,"periods":{"first":1598446800,"second":1598450400},"venue":{"id":7258,"name":"ABSA Tuks Stadium","city":"Tshwane"},"status":{"long":"Match Finished","short":"FT","elapsed":90}},"league":{"id":289,"name":"1st Division","country":"South-Africa","logo":"https:\/\/media-3.api-sports.io\/football\/leagues\/289.png","flag":"https:\/\/media.api-sports.io\/flags\/za.svg","season":2019,"round":"Regular Season - 29"},"teams":{"home":{"id":10567,"name":"Richards Bay","logo":"https:\/\/media-3.api-sports.io\/football\/teams\/10567.png","winner":false},"away":{"id":10563,"name":"Moroka Swallows","logo":"https:\/\/media-3.api-sports.io\/football\/teams\/10563.png","winner":true}},"goals":{"home":0,"away":2},"score":{"halftime":{"home":0,"away":1},"fulltime":{"home":0,"away":2},"extratime":{"home":null,"away":null},"penalty":{"home":null,"away":null}}},{"fixture":{"id":363075,"referee":"E. Mdluli","timezone":"UTC","date":"2019-11-03T13:30:00+00:00","timestamp":1572787800,"periods":{"first":1572787800,"second":1572791400},"venue":{"id":7255,"name":"Volkswagen Dobsonville Stadium","city":"Johannesburg, GA"},"status":{"long":"Match Finished","short":"FT","elapsed":90}},"league":{"id":289,"name":"1st Division","country":"South-Africa","logo":"https:\/\/media-3.api-sports.io\/football\/leagues\/289.png","flag":"https:\/\/media.api-sports.io\/flags\/za.svg","season":2019,"round":"Regular Season - 10"},"teams":{"home":{"id":10563,"name":"Moroka Swallows","logo":"https:\/\/media-3.api-sports.io\/football\/teams\/10563.png","winner":true},"away":{"id":10567,"name":"Richards Bay","logo":"https:\/\/media-3.api-sports.io\/football\/teams\/10567.png","winner":false}},"goals":{"home":1,"away":0},"score":{"halftime":{"home":1,"away":0},"fulltime":{"home":1,"away":0},"extratime":{"home":null,"away":null},"penalty":{"home":null,"away":null}}}]}]}