{"get":"predictions","parameters":{"fixture":"930518"},"errors":[],"results":1,"paging":{"current":1,"total":1},"response":[{"predictions":{"winner":{"id":2699,"name":"Mamelodi Sundowns","comment":"Win or draw"},"win_or_draw":true,"under_over":null,"goals":{"home":"-2.5","away":"-2.5"},"advice":"Double chance : draw or Mamelodi Sundowns","percent":{"home":"10%","draw":"45%","away":"45%"}},"league":{"id":288,"name":"Premier Soccer League","country":"South-Africa","logo":"https:\/\/media-3.api-sports.io\/football\/leagues\/288.png","flag":"https:\/\/media.api-sports.io\/flags\/za.svg","season":2022},"teams":{"home":{"id":2700,"name":"Orlando Pirates","logo":"https:\/\/media.api-sports.io\/football\/teams\/2700.png","last_5":{"form":"60%","att":"91%","def":"45%","goals":{"for":{"total":10,"average":"2.0"},"against":{"total":6,"average":"1.2"}}},"league":{"form":"WDLWDWLWLDDWLLLWWW","fixtures":{"played":{"home":9,"away":9,"total":18},"wins":{"home":5,"away":3,"total":8},"draws":{"home":2,"away":2,"total":4},"loses":{"home":2,"away":4,"total":6}},"goals":{"for":{"total":{"home":12,"away":7,"total":19},"average":{"home":"1.3","away":"0.8","total":"1.1"},"minute":{"0-15":{"total":4,"percentage":"23.53%"},"16-30":{"total":4,"percentage":"23.53%"},"31-45":{"total":4,"percentage":"23.53%"},"46-60":{"total":1,"percentage":"5.88%"},"61-75":{"total":2,"percentage":"11.76%"},"76-90":{"total":null,"percentage":null},"91-105":{"total":2,"percentage":"11.76%"},"106-120":{"total":null,"percentage":null}}},"against":{"total":{"home":5,"away":8,"total":13},"average":{"home":"0.6","away":"0.9","total":"0.7"},"minute":{"0-15":{"total":1,"percentage":"6.67%"},"16-30":{"total":null,"percentage":null},"31-45":{"total":4,"percentage":"26.67%"},"46-60":{"total":1,"percentage":"6.67%"},"61-75":{"total":5,"percentage":"33.33%"},"76-90":{"total":3,"percentage":"20.00%"},"91-105":{"total":1,"percentage":"6.67%"},"106-120":{"total":null,"percentage":null}}}},"biggest":{"streak":{"wins":1,"draws":2,"loses":3},"wins":{"home":"4-1","away":"0-2"},"loses":{"home":"0-1","away":"2-0"},"goals":{"for":{"home":4,"away":2},"against":{"home":1,"away":2}}},"clean_sheet":{"home":4,"away":4,"total":8},"failed_to_score":{"home":3,"away":4,"total":7},"penalty":{"scored":{"total":1,"percentage":"100.00%"},"missed":{"total":0,"percentage":"0%"},"total":1},"lineups":[{"formation":"3-4-3","played":6},{"formation":"4-3-3","played":4},{"formation":"3-4-2-1","played":3},{"formation":"3-5-2","played":2},{"formation":"4-4-2","played":2},{"formation":"4-3-2-1","played":1}],"cards":{"yellow":{"0-15":{"total":3,"percentage":"9.68%"},"16-30":{"total":3,"percentage":"9.68%"},"31-45":{"total":5,"percentage":"16.13%"},"46-60":{"total":5,"percentage":"16.13%"},"61-75":{"total":4,"percentage":"12.90%"},"76-90":{"total":9,"percentage":"29.03%"},"91-105":{"total":2,"percentage":"6.45%"},"106-120":{"total":null,"percentage":null}},"red":{"0-15":{"total":null,"percentage":null},"16-30":{"total":null,"percentage":null},"31-45":{"total":null,"percentage":null},"46-60":{"total":1,"percentage":"100.00%"},"61-75":{"total":null,"percentage":null},"76-90":{"total":null,"percentage":null},"91-105":{"total":null,"percentage":null},"106-120":{"total":null,"percentage":null}}}}},"away":{"id":2699,"name":"Mamelodi Sundowns","logo":"https:\/\/media.api-sports.io\/football\/teams\/2699.png","last_5":{"form":"100%","att":"73%","def":"82%","goals":{"for":{"total":8,"average":"1.6"},"against":{"total":2,"average":"0.4"}}},"league":{"form":"WLWDWLWWWWWWWWWWWWWW","fixtures":{"played":{"home":11,"away":9,"total":20},"wins":{"home":10,"away":7,"total":17},"draws":{"home":0,"away":1,"total":1},"loses":{"home":1,"away":1,"total":2}},"goals":{"for":{"total":{"home":20,"away":18,"total":38},"average":{"home":"1.8","away":"2.0","total":"1.9"},"minute":{"0-15":{"total":4,"percentage":"10.81%"},"16-30":{"total":5,"percentage":"13.51%"},"31-45":{"total":8,"percentage":"21.62%"},"46-60":{"total":2,"percentage":"5.41%"},"61-75":{"total":9,"percentage":"24.32%"},"76-90":{"total":6,"percentage":"16.22%"},"91-105":{"total":3,"percentage":"8.11%"},"106-120":{"total":null,"percentage":null}}},"against":{"total":{"home":3,"away":4,"total":7},"average":{"home":"0.3","away":"0.4","total":"0.4"},"minute":{"0-15":{"total":1,"percentage":"12.50%"},"16-30":{"total":null,"percentage":null},"31-45":{"total":1,"percentage":"12.50%"},"46-60":{"total":4,"percentage":"50.00%"},"61-75":{"total":null,"percentage":null},"76-90":{"total":null,"percentage":null},"91-105":{"total":2,"percentage":"25.00%"},"106-120":{"total":null,"percentage":null}}}},"biggest":{"streak":{"wins":1,"draws":1,"loses":1},"wins":{"home":"4-0","away":"0-5"},"loses":{"home":"0-1","away":"2-1"},"goals":{"for":{"home":4,"away":5},"against":{"home":1,"away":2}}},"clean_sheet":{"home":8,"away":6,"total":14},"failed_to_score":{"home":1,"away":0,"total":1},"penalty":{"scored":{"total":2,"percentage":"100.00%"},"missed":{"total":0,"percentage":"0%"},"total":2},"lineups":[{"formation":"4-2-3-1","played":6},{"formation":"3-4-3","played":5},{"formation":"5-3-2","played":3},{"formation":"3-4-1-2","played":2},{"formation":"4-3-3","played":2},{"formation":"4-3-1-2","played":1}],"cards":{"yellow":{"0-15":{"total":2,"percentage":"5.56%"},"16-30":{"total":1,"percentage":"2.78%"},"31-45":{"total":7,"percentage":"19.44%"},"46-60":{"total":8,"percentage":"22.22%"},"61-75":{"total":5,"percentage":"13.89%"},"76-90":{"total":8,"percentage":"22.22%"},"91-105":{"total":4,"percentage":"11.11%"},"106-120":{"total":null,"percentage":null},"":{"total":1,"percentage":"2.78%"}},"red":{"0-15":{"total":null,"percentage":null},"16-30":{"total":null,"percentage":null},"31-45":{"total":null,"percentage":null},"46-60":{"total":null,"percentage":null},"61-75":{"total":1,"percentage":"50.00%"},"76-90":{"total":null,"percentage":null},"91-105":{"total":1,"percentage":"50.00%"},"106-120":{"total":null,"percentage":null}}}}}},"comparison":{"form":{"home":"38%","away":"63%"},"att":{"home":"56%","away":"44%"},"def":{"home":"25%","away":"75%"},"poisson_distribution":{"home":"29%","away":"71%"},"h2h":{"home":"29%","away":"71%"},"goals":{"home":"33%","away":"67%"},"total":{"home":"35.0%","away":"65.2%"}},"h2h":[{"fixture":{"id":930480,"referee":"Luxolo Badi, South Africa","timezone":"UTC","date":"2022-12-30T13:30:00+00:00","timestamp":1672407000,"periods":{"first":1672407000,"second":1672410600},"venue":{"id":12712,"name":"Loftus Versfeld Stadium","city":"Tshwane"},"status":{"long":"Match Finished","short":"FT","elapsed":90}},"league":{"id":288,"name":"Premier Soccer League","country":"South-Africa","logo":"https:\/\/media-3.api-sports.io\/football\/leagues\/288.png","flag":"https:\/\/media.api-sports.io\/flags\/za.svg","season":2022,"round":"Regular Season - 11"},"teams":{"home":{"id":2699,"name":"Mamelodi Sundowns","logo":"https:\/\/media.api-sports.io\/football\/teams\/2699.png","winner":true},"away":{"id":2700,"name":"Orlando Pirates","logo":"https:\/\/media.api-sports.io\/football\/teams\/2700.png","winner":false}},"goals":{"home":2,"away":0},"score":{"halftime":{"home":1,"away":0},"fulltime":{"home":2,"away":0},"extratime":{"home":null,"away":null},"penalty":{"home":null,"away":null}}},{"fixture":{"id":948299,"referee":"T. Ndzandzeka","timezone":"UTC","date":"2022-10-22T13:30:00+00:00","timestamp":1666445400,"periods":{"first":1666445400,"second":1666449000},"venue":{"id":1717,"name":"Peter Mokaba Stadium","city":"Pietersburg"},"status":{"long":"Match Finished","short":"FT","elapsed":90}},"league":{"id":509,"name":"8 Cup","country":"South-Africa","logo":"https:\/\/media-3.api-sports.io\/football\/leagues\/509.png","flag":"https:\/\/media-3.api-sports.io\/flags\/za.svg","season":2022,"round":"Semi-finals"},"teams":{"home":{"id":2699,"name":"Mamelodi Sundowns","logo":"https:\/\/media.api-sports.io\/football\/teams\/2699.png","winner":false},"away":{"id":2700,"name":"Orlando Pirates","logo":"https:\/\/media.api-sports.io\/football\/teams\/2700.png","winner":true}},"goals":{"home":0,"away":3},"score":{"halftime":{"home":0,"away":1},"fulltime":{"home":0,"away":3},"extratime":{"home":null,"away":null},"penalty":{"home":null,"away":null}}},{"fixture":{"id":948298,"referee":"M. Bambiso","timezone":"UTC","date":"2022-10-01T13:30:00+00:00","timestamp":1664631000,"periods":{"first":1664631000,"second":1664634600},"venue":{"id":1453,"name":"Orlando Stadium","city":"Johannesburg, GA"},"status":{"long":"Match Finished","short":"FT","elapsed":90}},"league":{"id":509,"name":"8 Cup","country":"South-Africa","logo":"https:\/\/media-3.api-sports.io\/football\/leagues\/509.png","flag":"https:\/\/media-3.api-sports.io\/flags\/za.svg","season":2022,"round":"Semi-finals"},"teams":{"home":{"id":2700,"name":"Orlando Pirates","logo":"https:\/\/media-3.api-sports.io\/football\/teams\/2700.png","winner":null},"away":{"id":2699,"name":"Mamelodi Sundowns","logo":"https:\/\/media-3.api-sports.io\/football\/teams\/2699.png","winner":null}},"goals":{"home":0,"away":0},"score":{"halftime":{"home":0,"away":0},"fulltime":{"home":0,"away":0},"extratime":{"home":null,"away":null},"penalty":{"home":null,"away":null}}},{"fixture":{"id":758181,"referee":"V. Gomes","timezone":"UTC","date":"2021-12-17T17:30:00+00:00","timestamp":1639762200,"periods":{"first":1639762200,"second":1639765800},"venue":{"id":12712,"name":"Loftus Versfeld Stadium","city":"Tshwane"},"status":{"long":"Match Finished","short":"FT","elapsed":90}},"league":{"id":288,"name":"Premier Soccer League","country":"South-Africa","logo":"https:\/\/media-3.api-sports.io\/football\/leagues\/288.png","flag":"https:\/\/media.api-sports.io\/flags\/za.svg","season":2021,"round":"Regular Season - 13"},"teams":{"home":{"id":2699,"name":"Mamelodi Sundowns","logo":"https:\/\/media.api-sports.io\/football\/teams\/2699.png","winner":true},"away":{"id":2700,"name":"Orlando Pirates","logo":"https:\/\/media-3.api-sports.io\/football\/teams\/2700.png","winner":false}},"goals":{"home":4,"away":1},"score":{"halftime":{"home":0,"away":0},"fulltime":{"home":4,"away":1},"extratime":{"home":null,"away":null},"penalty":{"home":null,"away":null}}},{"fixture":{"id":758090,"referee":"V. Gomes","timezone":"UTC","date":"2021-09-25T13:00:00+00:00","timestamp":1632574800,"periods":{"first":1632574800,"second":1632578400},"venue":{"id":1453,"name":"Orlando Stadium","city":"Johannesburg, GA"},"status":{"long":"Match Finished","short":"FT","elapsed":90}},"league":{"id":288,"name":"Premier Soccer League","country":"South-Africa","logo":"https:\/\/media-3.api-sports.io\/football\/leagues\/288.png","flag":"https:\/\/media.api-sports.io\/flags\/za.svg","season":2021,"round":"Regular Season - 4"},"teams":{"home":{"id":2700,"name":"Orlando Pirates","logo":"https:\/\/media-3.api-sports.io\/football\/teams\/2700.png","winner":false},"away":{"id":2699,"name":"Mamelodi Sundowns","logo":"https:\/\/media.api-sports.io\/football\/teams\/2699.png","winner":true}},"goals":{"home":0,"away":2},"score":{"halftime":{"home":0,"away":0},"fulltime":{"home":0,"away":2},"extratime":{"home":null,"away":null},"penalty":{"home":null,"away":null}}},{"fixture":{"id":643441,"referee":"L. Badi","timezone":"UTC","date":"2021-05-02T13:00:00+00:00","timestamp":1619960400,"periods":{"first":1619960400,"second":1619964000},"venue":{"id":1453,"name":"Orlando Stadium","city":"Johannesburg, GA"},"status":{"long":"Match Finished","short":"FT","elapsed":90}},"league":{"id":288,"name":"Premier Soccer League","country":"South-Africa","logo":"https:\/\/media-3.api-sports.io\/football\/leagues\/288.png","flag":"https:\/\/media.api-sports.io\/flags\/za.svg","season":2020,"round":"Regular Season - 21"},"teams":{"home":{"id":2700,"name":"Orlando Pirates","logo":"https:\/\/media.api-sports.io\/football\/teams\/2700.png","winner":false},"away":{"id":2699,"name":"Mamelodi Sundowns","logo":"https:\/\/media-3.api-sports.io\/football\/teams\/2699.png","winner":true}},"goals":{"home":0,"away":3},"score":{"halftime":{"home":0,"away":0},"fulltime":{"home":0,"away":3},"extratime":{"home":null,"away":null},"penalty":{"home":null,"away":null}}},{"fixture":{"id":686357,"referee":"P. Tinyani","timezone":"UTC","date":"2021-04-15T16:00:00+00:00","timestamp":1618502400,"periods":{"first":1618502400,"second":1618506000},"venue":{"id":12712,"name":"Loftus Versfeld Stadium","city":"Tshwane"},"status":{"long":"Match Finished","short":"FT","elapsed":90}},"league":{"id":507,"name":"Cup","country":"South-Africa","logo":"https:\/\/media.api-sports.io\/football\/leagues\/507.png","flag":"https:\/\/media.api-sports.io\/flags\/za.svg","season":2020,"round":"Quarter-finals"},"teams":{"home":{"id":2699,"name":"Mamelodi Sundowns","logo":"https:\/\/media-3.api-sports.io\/football\/teams\/2699.png","winner":true},"away":{"id":2700,"name":"Orlando Pirates","logo":"https:\/\/media-3.api-sports.io\/football\/teams\/2700.png","winner":false}},"goals":{"home":4,"away":1},"score":{"halftime":{"home":1,"away":1},"fulltime":{"home":4,"away":1},"extratime":{"home":null,"away":null},"penalty":{"home":null,"away":null}}},{"fixture":{"id":643302,"referee":"P. Tinyani","timezone":"UTC","date":"2021-01-02T13:30:00+00:00","timestamp":1609594200,"periods":{"first":1609594200,"second":1609597800},"venue":{"id":12712,"name":"Loftus Versfeld Stadium","city":"Tshwane"},"status":{"long":"Match Finished","short":"FT","elapsed":90}},"league":{"id":288,"name":"Premier Soccer League","country":"South-Africa","logo":"https:\/\/media-3.api-sports.io\/football\/leagues\/288.png","flag":"https:\/\/media.api-sports.io\/flags\/za.svg","season":2020,"round":"Regular Season - 7"},"teams":{"home":{"id":2699,"name":"Mamelodi Sundowns","logo":"https:\/\/media-3.api-sports.io\/football\/teams\/2699.png","winner":true},"away":{"id":2700,"name":"Orlando Pirates","logo":"https:\/\/media.api-sports.io\/football\/teams\/2700.png","winner":false}},"goals":{"home":1,"away":0},"score":{"halftime":{"home":1,"away":0},"fulltime":{"home":1,"away":0},"extratime":{"home":null,"away":null},"penalty":{"home":null,"away":null}}},{"fixture":{"id":213628,"referee":"V. Gomes","timezone":"UTC","date":"2020-08-11T16:00:00+00:00","timestamp":1597161600,"periods":{"first":1597161600,"second":1597165200},"venue":{"id":7255,"name":"Volkswagen Dobsonville Stadium","city":"Johannesburg, GA"},"status":{"long":"Match Finished","short":"FT","elapsed":90}},"league":{"id":288,"name":"Premier Soccer League","country":"South-Africa","logo":"https:\/\/media.api-sports.io\/football\/leagues\/288.png","flag":"https:\/\/media-3.api-sports.io\/flags\/za.svg","season":2019,"round":"Regular Season - 19"},"teams":{"home":{"id":2699,"name":"Mamelodi Sundowns","logo":"https:\/\/media.api-sports.io\/football\/teams\/2699.png","winner":null},"away":{"id":2700,"name":"Orlando Pirates","logo":"https:\/\/media-3.api-sports.io\/football\/teams\/2700.png","winner":null}},"goals":{"home":0,"away":0},"score":{"halftime":{"home":0,"away":0},"fulltime":{"home":0,"away":0},"extratime":{"home":null,"away":null},"penalty":{"home":null,"away":null}}},{"fixture":{"id":213610,"referee":"V. Gomes","timezone":"UTC","date":"2020-01-15T17:30:00+00:00","timestamp":1579109400,"periods":{"first":1579109400,"second":1579113000},"venue":{"id":1453,"name":"Orlando Stadium","city":"Johannesburg, GA"},"status":{"long":"Match Finished","short":"FT","elapsed":90}},"league":{"id":288,"name":"Premier Soccer League","country":"South-Africa","logo":"https:\/\/media.api-sports.io\/football\/leagues\/288.png","flag":"https:\/\/media-3.api-sports.io\/flags\/za.svg","season":2019,"round":"Regular Season - 14"},"teams":{"home":{"id":2700,"name":"Orlando Pirates","logo":"https:\/\/media-3.api-sports.io\/football\/teams\/2700.png","winner":true},"away":{"id":2699,"name":"Mamelodi Sundowns","logo":"https:\/\/media-3.api-sports.io\/football\/teams\/2699.png","winner":false}},"goals":{"home":1,"away":0},"score":{"halftime":{"home":1,"away":0},"fulltime":{"home":1,"away":0},"extratime":{"home":null,"away":null},"penalty":{"home":null,"away":null}}}]}]}