{
  "errors": [],
  "get": "predictions",
  "paging": {
    "current": 1,
    "total": 1
  },
  "parameters": {
    "fixture": "930520"
  },
  "response": [
    {
      "predictions": {
        "winner": {
          "id": 15537,
          "name": "Sekhukhune United",
          "comment": "Win or draw"
        },
        "win_or_draw": true,
        "under_over": "-3.5",
        "goals": {
          "home": "-1.5",
          "away": "-1.5"
        },
        "advice": "Combo Double chance : draw or Sekhukhune United and -3.5 goals",
        "percent": {
          "home": "10%",
          "draw": "45%",
          "away": "45%"
        }
      },
      "league": {
        "id": 288,
        "name": "Premier Soccer League",
        "country": "South-Africa",
        "logo": "https:\/\/media-3.api-sports.io\/football\/leagues\/288.png",
        "flag": "https:\/\/media-3.api-sports.io\/flags\/za.svg",
        "season": 2022
      },
      "teams": {
        "home": {
          "id": 2682,
          "name": "Tshakhuma Madzivhadila",
          "logo": "https:\/\/media-3.api-sports.io\/football\/teams\/2682.png",
          "last_5": {
            "form": "13%",
            "att": "36%",
            "def": "18%",
            "goals": {
              "for": {
                "total": 4,
                "average": "0.8"
              },
              "against": {
                "total": 9,
                "average": "1.8"
              }
            }
          },
          "league": {
            "form": "DDDDLDDLWLDWLLLDLDLL",
            "fixtures": {
              "played": {
                "home": 9,
                "away": 11,
                "total": 20
              },
              "wins": {
                "home": 1,
                "away": 1,
                "total": 2
              },
              "draws": {
                "home": 5,
                "away": 4,
                "total": 9
              },
              "loses": {
                "home": 3,
                "away": 6,
                "total": 9
              }
            },
            "goals": {
              "for": {
                "total": {
                  "home": 5,
                  "away": 9,
                  "total": 14
                },
                "average": {
                  "home": "0.6",
                  "away": "0.8",
                  "total": "0.7"
                },
                "minute": {
                  "0-15": {
                    "total": 3,
                    "percentage": "20.00%"
                  },
                  "16-30": {
                    "total": 1,
                    "percentage": "6.67%"
                  },
                  "31-45": {
                    "total": 4,
                    "percentage": "26.67%"
                  },
                  "46-60": {
                    "total": 2,
                    "percentage": "13.33%"
                  },
                  "61-75": {
                    "total": null,
                    "percentage": null
                  },
                  "76-90": {
                    "total": 3,
                    "percentage": "20.00%"
                  },
                  "91-105": {
                    "total": 2,
                    "percentage": "13.33%"
                  },
                  "106-120": {
                    "total": null,
                    "percentage": null
                  }
                }
              },
              "against": {
                "total": {
                  "home": 9,
                  "away": 14,
                  "total": 23
                },
                "average": {
                  "home": "1.0",
                  "away": "1.3",
                  "total": "1.2"
                },
                "minute": {
                  "0-15": {
                    "total": 1,
                    "percentage": "4.55%"
                  },
                  "16-30": {
                    "total": 2,
                    "percentage": "9.09%"
                  },
                  "31-45": {
                    "total": 3,
                    "percentage": "13.64%"
                  },
                  "46-60": {
                    "total": 6,
                    "percentage": "27.27%"
                  },
                  "61-75": {
                    "total": 4,
                    "percentage": "18.18%"
                  },
                  "76-90": {
                    "total": 5,
                    "percentage": "22.73%"
                  },
                  "91-105": {
                    "total": 1,
                    "percentage": "4.55%"
                  },
                  "106-120": {
                    "total": null,
                    "percentage": null
                  }
                }
              }
            },
            "biggest": {
              "streak": {
                "wins": 1,
                "draws": 4,
                "loses": 3
              },
              "wins": {
                "home": "2-1",
                "away": "0-1"
              },
              "loses": {
                "home": "0-2",
                "away": "3-2"
              },
              "goals": {
                "for": {
                  "home": 2,
                  "away": 2
                },
                "against": {
                  "home": 2,
                  "away": 3
                }
              }
            },
            "clean_sheet": {
              "home": 2,
              "away": 2,
              "total": 4
            },
            "failed_to_score": {
              "home": 5,
              "away": 5,
              "total": 10
            },
            "penalty": {
              "scored": {
                "total": 0,
                "percentage": "0%"
              },
              "missed": {
                "total": 0,
                "percentage": "0%"
              },
              "total": 0
            },
            "lineups": [
              {
                "formation": "4-1-4-1",
                "played": 11
              },
              {
                "formation": "4-3-3",
                "played": 5
              },
              {
                "formation": "4-2-3-1",
                "played": 2
              },
              {
                "formation": "4-4-2",
                "played": 1
              }
            ],
            "cards": {
              "yellow": {
                "0-15": {
                  "total": 1,
                  "percentage": "4.00%"
                },
                "16-30": {
                  "total": 2,
                  "percentage": "8.00%"
                },
                "31-45": {
                  "total": 6,
                  "percentage": "24.00%"
                },
                "46-60": {
                  "total": 6,
                  "percentage": "24.00%"
                },
                "61-75": {
                  "total": 5,
                  "percentage": "20.00%"
                },
                "76-90": {
                  "total": 2,
                  "percentage": "8.00%"
                },
                "91-105": {
                  "total": 3,
                  "percentage": "12.00%"
                },
                "106-120": {
                  "total": null,
                  "percentage": null
                }
              },
              "red": {
                "0-15": {
                  "total": null,
                  "percentage": null
                },
                "16-30": {
                  "total": null,
                  "percentage": null
                },
                "31-45": {
                  "total": null,
                  "percentage": null
                },
                "46-60": {
                  "total": null,
                  "percentage": null
                },
                "61-75": {
                  "total": 1,
                  "percentage": "100.00%"
                },
                "76-90": {
                  "total": null,
                  "percentage": null
                },
                "91-105": {
                  "total": null,
                  "percentage": null
                },
                "106-120": {
                  "total": null,
                  "percentage": null
                }
              }
            }
          }
        },
        "away": {
          "id": 15537,
          "name": "Sekhukhune United",
          "logo": "https:\/\/media.api-sports.io\/football\/teams\/15537.png",
          "last_5": {
            "form": "80%",
            "att": "55%",
            "def": "64%",
            "goals": {
              "for": {
                "total": 6,
                "average": "1.2"
              },
              "against": {
                "total": 4,
                "average": "0.8"
              }
            }
          },
          "league": {
            "form": "DWLDLLDDWLLDDWWWWL",
            "fixtures": {
              "played": {
                "home": 8,
                "away": 10,
                "total": 18
              },
              "wins": {
                "home": 4,
                "away": 2,
                "total": 6
              },
              "draws": {
                "home": 3,
                "away": 3,
                "total": 6
              },
              "loses": {
                "home": 1,
                "away": 5,
                "total": 6
              }
            },
            "goals": {
              "for": {
                "total": {
                  "home": 10,
                  "away": 6,
                  "total": 16
                },
                "average": {
                  "home": "1.3",
                  "away": "0.6",
                  "total": "0.9"
                },
                "minute": {
                  "0-15": {
                    "total": 1,
                    "percentage": "6.25%"
                  },
                  "16-30": {
                    "total": 2,
                    "percentage": "12.50%"
                  },
                  "31-45": {
                    "total": 3,
                    "percentage": "18.75%"
                  },
                  "46-60": {
                    "total": 4,
                    "percentage": "25.00%"
                  },
                  "61-75": {
                    "total": 2,
                    "percentage": "12.50%"
                  },
                  "76-90": {
                    "total": 3,
                    "percentage": "18.75%"
                  },
                  "91-105": {
                    "total": 1,
                    "percentage": "6.25%"
                  },
                  "106-120": {
                    "total": null,
                    "percentage": null
                  }
                }
              },
              "against": {
                "total": {
                  "home": 6,
                  "away": 11,
                  "total": 17
                },
                "average": {
                  "home": "0.8",
                  "away": "1.1",
                  "total": "0.9"
                },
                "minute": {
                  "0-15": {
                    "total": 2,
                    "percentage": "11.76%"
                  },
                  "16-30": {
                    "total": 3,
                    "percentage": "17.65%"
                  },
                  "31-45": {
                    "total": 3,
                    "percentage": "17.65%"
                  },
                  "46-60": {
                    "total": 4,
                    "percentage": "23.53%"
                  },
                  "61-75": {
                    "total": null,
                    "percentage": null
                  },
                  "76-90": {
                    "total": 4,
                    "percentage": "23.53%"
                  },
                  "91-105": {
                    "total": 1,
                    "percentage": "5.88%"
                  },
                  "106-120": {
                    "total": null,
                    "percentage": null
                  }
                }
              }
            },
            "biggest": {
              "streak": {
                "wins": 4,
                "draws": 2,
                "loses": 2
              },
              "wins": {
                "home": "2-0",
                "away": "0-1"
              },
              "loses": {
                "home": "1-2",
                "away": "3-1"
              },
              "goals": {
                "for": {
                  "home": 3,
                  "away": 1
                },
                "against": {
                  "home": 2,
                  "away": 3
                }
              }
            },
            "clean_sheet": {
              "home": 4,
              "away": 3,
              "total": 7
            },
            "failed_to_score": {
              "home": 1,
              "away": 4,
              "total": 5
            },
            "penalty": {
              "scored": {
                "total": 1,
                "percentage": "100.00%"
              },
              "missed": {
                "total": 0,
                "percentage": "0%"
              },
              "total": 1
            },
            "lineups": [
              {
                "formation": "3-4-3",
                "played": 10
              },
              {
                "formation": "4-3-3",
                "played": 6
              },
              {
                "formation": "4-4-2",
                "played": 2
              }
            ],
            "cards": {
              "yellow": {
                "0-15": {
                  "total": 3,
                  "percentage": "8.11%"
                },
                "16-30": {
                  "total": 3,
                  "percentage": "8.11%"
                },
                "31-45": {
                  "total": 4,
                  "percentage": "10.81%"
                },
                "46-60": {
                  "total": 8,
                  "percentage": "21.62%"
                },
                "61-75": {
                  "total": 7,
                  "percentage": "18.92%"
                },
                "76-90": {
                  "total": 11,
                  "percentage": "29.73%"
                },
                "91-105": {
                  "total": 1,
                  "percentage": "2.70%"
                },
                "106-120": {
                  "total": null,
                  "percentage": null
                }
              },
              "red": {
                "0-15": {
                  "total": null,
                  "percentage": null
                },
                "16-30": {
                  "total": null,
                  "percentage": null
                },
                "31-45": {
                  "total": null,
                  "percentage": null
                },
                "46-60": {
                  "total": 1,
                  "percentage": "33.33%"
                },
                "61-75": {
                  "total": null,
                  "percentage": null
                },
                "76-90": {
                  "total": 1,
                  "percentage": "33.33%"
                },
                "91-105": {
                  "total": 1,
                  "percentage": "33.33%"
                },
                "106-120": {
                  "total": null,
                  "percentage": null
                }
              }
            }
          }
        }
      },
      "comparison": {
        "form": {
          "home": "14%",
          "away": "86%"
        },
        "att": {
          "home": "40%",
          "away": "60%"
        },
        "def": {
          "home": "31%",
          "away": "69%"
        },
        "poisson_distribution": {
          "home": "43%",
          "away": "57%"
        },
        "h2h": {
          "home": "50%",
          "away": "50%"
        },
        "goals": {
          "home": "50%",
          "away": "50%"
        },
        "total": {
          "home": "38.0%",
          "away": "62.0%"
        }
      },
      "h2h": [
        {
          "fixture": {
            "id": 930456,
            "referee": "T Keshwa,",
            "timezone": "UTC",
            "date": "2023-01-03T17:30:00+00:00",
            "timestamp": 1672767000,
            "periods": {
              "first": 1672767000,
              "second": 1672770600
            },
            "venue": {
              "id": 1717,
              "name": "Peter Mokaba Stadium",
              "city": "Pietersburg"
            },
            "status": {
              "long": "Match Finished",
              "short": "FT",
              "elapsed": 90
            }
          },
          "league": {
            "id": 288,
            "name": "Premier Soccer League",
            "country": "South-Africa",
            "logo": "https:\/\/media.api-sports.io\/football\/leagues\/288.png",
            "flag": "https:\/\/media.api-sports.io\/flags\/za.svg",
            "season": 2022,
            "round": "Regular Season - 12"
          },
          "teams": {
            "home": {
              "id": 15537,
              "name": "Sekhukhune United",
              "logo": "https:\/\/media.api-sports.io\/football\/teams\/15537.png",
              "winner": true
            },
            "away": {
              "id": 2682,
              "name": "Tshakhuma Madzivhadila",
              "logo": "https:\/\/media-3.api-sports.io\/football\/teams\/2682.png",
              "winner": false
            }
          },
          "goals": {
            "home": 3,
            "away": 2
          },
          "score": {
            "halftime": {
              "home": 1,
              "away": 1
            },
            "fulltime": {
              "home": 3,
              "away": 2
            },
            "extratime": {
              "home": null,
              "away": null
            },
            "penalty": {
              "home": null,
              "away": null
            }
          }
        },
        {
          "fixture": {
            "id": 758294,
            "referee": "S. Gasa",
            "timezone": "UTC",
            "date": "2022-05-21T13:00:00+00:00",
            "timestamp": 1653138000,
            "periods": {
              "first": 1653138000,
              "second": 1653141600
            },
            "venue": {
              "id": 1717,
              "name": "Peter Mokaba Stadium",
              "city": "Pietersburg"
            },
            "status": {
              "long": "Match Finished",
              "short": "FT",
              "elapsed": 90
            }
          },
          "league": {
            "id": 288,
            "name": "Premier Soccer League",
            "country": "South-Africa",
            "logo": "https:\/\/media-3.api-sports.io\/football\/leagues\/288.png",
            "flag": "https:\/\/media-3.api-sports.io\/flags\/za.svg",
            "season": 2021,
            "round": "Regular Season - 24"
          },
          "teams": {
            "home": {
              "id": 2682,
              "name": "Tshakhuma Madzivhadila",
              "logo": "https:\/\/media.api-sports.io\/football\/teams\/2682.png",
              "winner": null
            },
            "away": {
              "id": 15537,
              "name": "Sekhukhune United",
              "logo": "https:\/\/media-3.api-sports.io\/football\/teams\/15537.png",
              "winner": null
            }
          },
          "goals": {
            "home": 2,
            "away": 2
          },
          "score": {
            "halftime": {
              "home": 0,
              "away": 0
            },
            "fulltime": {
              "home": 2,
              "away": 2
            },
            "extratime": {
              "home": null,
              "away": null
            },
            "penalty": {
              "home": null,
              "away": null
            }
          }
        },
        {
          "fixture": {
            "id": 758167,
            "referee": "T. Maruping",
            "timezone": "UTC",
            "date": "2021-12-08T15:00:00+00:00",
            "timestamp": 1638975600,
            "periods": {
              "first": 1638975600,
              "second": 1638979200
            },
            "venue": {
              "id": null,
              "name": "Emirates Airline Park",
              "city": "Johannesburg, GA"
            },
            "status": {
              "long": "Match Finished",
              "short": "FT",
              "elapsed": 90
            }
          },
          "league": {
            "id": 288,
            "name": "Premier Soccer League",
            "country": "South-Africa",
            "logo": "https:\/\/media-3.api-sports.io\/football\/leagues\/288.png",
            "flag": "https:\/\/media-3.api-sports.io\/flags\/za.svg",
            "season": 2021,
            "round": "Regular Season - 11"
          },
          "teams": {
            "home": {
              "id": 15537,
              "name": "Sekhukhune United",
              "logo": "https:\/\/media-3.api-sports.io\/football\/teams\/15537.png",
              "winner": false
            },
            "away": {
              "id": 2682,
              "name": "Tshakhuma Madzivhadila",
              "logo": "https:\/\/media.api-sports.io\/football\/teams\/2682.png",
              "winner": true
            }
          },
          "goals": {
            "home": 0,
            "away": 1
          },
          "score": {
            "halftime": {
              "home": 0,
              "away": 0
            },
            "fulltime": {
              "home": 0,
              "away": 1
            },
            "extratime": {
              "home": null,
              "away": null
            },
            "penalty": {
              "home": null,
              "away": null
            }
          }
        }
      ]
    }
  ],
  "results": 1
}