{"get":"predictions","parameters":{"fixture":"930515"},"errors":[],"results":1,"paging":{"current":1,"total":1},"response":[{"predictions":{"winner":{"id":2669,"name":"Amazulu","comment":"Win or draw"},"win_or_draw":true,"under_over":"-3.5","goals":{"home":"-1.5","away":"-2.5"},"advice":"Combo Double chance : draw or Amazulu and -3.5 goals","percent":{"home":"10%","draw":"45%","away":"45%"}},"league":{"id":288,"name":"Premier Soccer League","country":"South-Africa","logo":"https:\/\/media.api-sports.io\/football\/leagues\/288.png","flag":"https:\/\/media-3.api-sports.io\/flags\/za.svg","season":2022},"teams":{"home":{"id":2692,"name":"Maritzburg Utd","logo":"https:\/\/media.api-sports.io\/football\/teams\/2692.png","last_5":{"form":"60%","att":"55%","def":"64%","goals":{"for":{"total":6,"average":"1.2"},"against":{"total":4,"average":"0.8"}}},"league":{"form":"DLDDWLWLLDDLLLWWWL","fixtures":{"played":{"home":9,"away":9,"total":18},"wins":{"home":3,"away":2,"total":5},"draws":{"home":2,"away":3,"total":5},"loses":{"home":4,"away":4,"total":8}},"goals":{"for":{"total":{"home":9,"away":3,"total":12},"average":{"home":"1.0","away":"0.3","total":"0.7"},"minute":{"0-15":{"total":null,"percentage":null},"16-30":{"total":1,"percentage":"9.09%"},"31-45":{"total":2,"percentage":"18.18%"},"46-60":{"total":2,"percentage":"18.18%"},"61-75":{"total":null,"percentage":null},"76-90":{"total":3,"percentage":"27.27%"},"91-105":{"total":3,"percentage":"27.27%"},"106-120":{"total":null,"percentage":null}}},"against":{"total":{"home":14,"away":9,"total":23},"average":{"home":"1.6","away":"1.0","total":"1.3"},"minute":{"0-15":{"total":3,"percentage":"12.50%"},"16-30":{"total":4,"percentage":"16.67%"},"31-45":{"total":5,"percentage":"20.83%"},"46-60":{"total":4,"percentage":"16.67%"},"61-75":{"total":3,"percentage":"12.50%"},"76-90":{"total":3,"percentage":"12.50%"},"91-105":{"total":2,"percentage":"8.33%"},"106-120":{"total":null,"percentage":null}}}},"biggest":{"streak":{"wins":3,"draws":2,"loses":3},"wins":{"home":"3-1","away":"0-1"},"loses":{"home":"0-5","away":"3-0"},"goals":{"for":{"home":3,"away":1},"against":{"home":5,"away":3}}},"clean_sheet":{"home":2,"away":4,"total":6},"failed_to_score":{"home":3,"away":6,"total":9},"penalty":{"scored":{"total":1,"percentage":"100.00%"},"missed":{"total":0,"percentage":"0%"},"total":1},"lineups":[{"formation":"4-4-2","played":7},{"formation":"4-3-1-2","played":5},{"formation":"4-2-3-1","played":4},{"formation":"3-4-1-2","played":2}],"cards":{"yellow":{"0-15":{"total":2,"percentage":"8.00%"},"16-30":{"total":1,"percentage":"4.00%"},"31-45":{"total":3,"percentage":"12.00%"},"46-60":{"total":4,"percentage":"16.00%"},"61-75":{"total":5,"percentage":"20.00%"},"76-90":{"total":5,"percentage":"20.00%"},"91-105":{"total":5,"percentage":"20.00%"},"106-120":{"total":null,"percentage":null}},"red":{"0-15":{"total":null,"percentage":null},"16-30":{"total":null,"percentage":null},"31-45":{"total":null,"percentage":null},"46-60":{"total":null,"percentage":null},"61-75":{"total":null,"percentage":null},"76-90":{"total":null,"percentage":null},"91-105":{"total":null,"percentage":null},"106-120":{"total":null,"percentage":null}}}}},"away":{"id":2669,"name":"Amazulu","logo":"https:\/\/media.api-sports.io\/football\/teams\/2669.png","last_5":{"form":"40%","att":"55%","def":"64%","goals":{"for":{"total":6,"average":"1.2"},"against":{"total":4,"average":"0.8"}}},"league":{"form":"DWWWLDLLLDDDWDLWDD","fixtures":{"played":{"home":9,"away":9,"total":18},"wins":{"home":4,"away":1,"total":5},"draws":{"home":2,"away":6,"total":8},"loses":{"home":3,"away":2,"total":5}},"goals":{"for":{"total":{"home":12,"away":5,"total":17},"average":{"home":"1.3","away":"0.6","total":"0.9"},"minute":{"0-15":{"total":1,"percentage":"5.88%"},"16-30":{"total":1,"percentage":"5.88%"},"31-45":{"total":9,"percentage":"52.94%"},"46-60":{"total":1,"percentage":"5.88%"},"61-75":{"total":1,"percentage":"5.88%"},"76-90":{"total":2,"percentage":"11.76%"},"91-105":{"total":2,"percentage":"11.76%"},"106-120":{"total":null,"percentage":null}}},"against":{"total":{"home":8,"away":7,"total":15},"average":{"home":"0.9","away":"0.8","total":"0.8"},"minute":{"0-15":{"total":3,"percentage":"20.00%"},"16-30":{"total":1,"percentage":"6.67%"},"31-45":{"total":3,"percentage":"20.00%"},"46-60":{"total":1,"percentage":"6.67%"},"61-75":{"total":1,"percentage":"6.67%"},"76-90":{"total":3,"percentage":"20.00%"},"91-105":{"total":3,"percentage":"20.00%"},"106-120":{"total":null,"percentage":null}}}},"biggest":{"streak":{"wins":3,"draws":3,"loses":3},"wins":{"home":"4-0","away":"2-3"},"loses":{"home":"1-2","away":"2-0"},"goals":{"for":{"home":4,"away":3},"against":{"home":2,"away":2}}},"clean_sheet":{"home":2,"away":4,"total":6},"failed_to_score":{"home":2,"away":6,"total":8},"penalty":{"scored":{"total":1,"percentage":"100.00%"},"missed":{"total":0,"percentage":"0%"},"total":1},"lineups":[{"formation":"4-2-3-1","played":7},{"formation":"4-3-3","played":5},{"formation":"4-3-1-2","played":3},{"formation":"3-4-3","played":1},{"formation":"3-4-1-2","played":1},{"formation":"4-4-2","played":1}],"cards":{"yellow":{"0-15":{"total":4,"percentage":"10.53%"},"16-30":{"total":4,"percentage":"10.53%"},"31-45":{"total":4,"percentage":"10.53%"},"46-60":{"total":3,"percentage":"7.89%"},"61-75":{"total":9,"percentage":"23.68%"},"76-90":{"total":13,"percentage":"34.21%"},"91-105":{"total":1,"percentage":"2.63%"},"106-120":{"total":null,"percentage":null}},"red":{"0-15":{"total":null,"percentage":null},"16-30":{"total":null,"percentage":null},"31-45":{"total":null,"percentage":null},"46-60":{"total":1,"percentage":"33.33%"},"61-75":{"total":1,"percentage":"33.33%"},"76-90":{"total":null,"percentage":null},"91-105":{"total":1,"percentage":"33.33%"},"106-120":{"total":null,"percentage":null}}}}}},"comparison":{"form":{"home":"60%","away":"40%"},"att":{"home":"50%","away":"50%"},"def":{"home":"50%","away":"50%"},"poisson_distribution":{"home":"40%","away":"60%"},"h2h":{"home":"36%","away":"64%"},"goals":{"home":"40%","away":"60%"},"total":{"home":"46.0%","away":"54.0%"}},"h2h":[{"fixture":{"id":930462,"referee":"Thando Helpus Ndzandzeka, South Africa","timezone":"UTC","date":"2022-10-19T15:00:00+00:00","timestamp":1666191600,"periods":{"first":1666191600,"second":1666195200},"venue":{"id":null,"name":"King Zwelithini Stadium","city":"Durban"},"status":{"long":"Match Finished","short":"FT","elapsed":90}},"league":{"id":288,"name":"Premier Soccer League","country":"South-Africa","logo":"https:\/\/media-3.api-sports.io\/football\/leagues\/288.png","flag":"https:\/\/media.api-sports.io\/flags\/za.svg","season":2022,"round":"Regular Season - 9"},"teams":{"home":{"id":2669,"name":"Amazulu","logo":"https:\/\/media-3.api-sports.io\/football\/teams\/2669.png","winner":null},"away":{"id":2692,"name":"Maritzburg Utd","logo":"https:\/\/media.api-sports.io\/football\/teams\/2692.png","winner":null}},"goals":{"home":1,"away":1},"score":{"halftime":{"home":1,"away":0},"fulltime":{"home":1,"away":1},"extratime":{"home":null,"away":null},"penalty":{"home":null,"away":null}}},{"fixture":{"id":758251,"referee":"V. Hlungwani","timezone":"UTC","date":"2022-04-16T13:00:00+00:00","timestamp":1650114000,"periods":{"first":1650114000,"second":1650117600},"venue":{"id":null,"name":"Moses Mabhida Stadium","city":"Durban"},"status":{"long":"Match Finished","short":"FT","elapsed":90}},"league":{"id":288,"name":"Premier Soccer League","country":"South-Africa","logo":"https:\/\/media-3.api-sports.io\/football\/leagues\/288.png","flag":"https:\/\/media.api-sports.io\/flags\/za.svg","season":2021,"round":"Regular Season - 20"},"teams":{"home":{"id":2669,"name":"Amazulu","logo":"https:\/\/media-3.api-sports.io\/football\/teams\/2669.png","winner":true},"away":{"id":2692,"name":"Maritzburg Utd","logo":"https:\/\/media.api-sports.io\/football\/teams\/2692.png","winner":false}},"goals":{"home":1,"away":0},"score":{"halftime":{"home":1,"away":0},"fulltime":{"home":1,"away":0},"extratime":{"home":null,"away":null},"penalty":{"home":null,"away":null}}},{"fixture":{"id":758230,"referee":"P. Khumalo","timezone":"UTC","date":"2021-11-28T15:30:00+00:00","timestamp":1638113400,"periods":{"first":1638113400,"second":1638117000},"venue":{"id":1452,"name":"Harry Gwala Stadium","city":"Pietermaritzburg, KN"},"status":{"long":"Match Finished","short":"FT","elapsed":90}},"league":{"id":288,"name":"Premier Soccer League","country":"South-Africa","logo":"https:\/\/media-3.api-sports.io\/football\/leagues\/288.png","flag":"https:\/\/media.api-sports.io\/flags\/za.svg","season":2021,"round":"Regular Season - 10"},"teams":{"home":{"id":2692,"name":"Maritzburg Utd","logo":"https:\/\/media.api-sports.io\/football\/teams\/2692.png","winner":null},"away":{"id":2669,"name":"Amazulu","logo":"https:\/\/media.api-sports.io\/football\/teams\/2669.png","winner":null}},"goals":{"home":1,"away":1},"score":{"halftime":{"home":0,"away":1},"fulltime":{"home":1,"away":1},"extratime":{"home":null,"away":null},"penalty":{"home":null,"away":null}}},{"fixture":{"id":643471,"referee":"P. Tinyani","timezone":"UTC","date":"2021-06-05T13:00:00+00:00","timestamp":1622898000,"periods":{"first":1622898000,"second":1622901600},"venue":{"id":1452,"name":"Harry Gwala Stadium","city":"Pietermaritzburg, KN"},"status":{"long":"Match Finished","short":"FT","elapsed":90}},"league":{"id":288,"name":"Premier Soccer League","country":"South-Africa","logo":"https:\/\/media-3.api-sports.io\/football\/leagues\/288.png","flag":"https:\/\/media.api-sports.io\/flags\/za.svg","season":2020,"round":"Regular Season - 24"},"teams":{"home":{"id":2692,"name":"Maritzburg Utd","logo":"https:\/\/media.api-sports.io\/football\/teams\/2692.png","winner":null},"away":{"id":2669,"name":"Amazulu","logo":"https:\/\/media-3.api-sports.io\/football\/teams\/2669.png","winner":null}},"goals":{"home":0,"away":0},"score":{"halftime":{"home":0,"away":0},"fulltime":{"home":0,"away":0},"extratime":{"home":null,"away":null},"penalty":{"home":null,"away":null}}},{"fixture":{"id":643320,"referee":"V. Hlungwani","timezone":"UTC","date":"2021-01-17T13:30:00+00:00","timestamp":1610890200,"periods":{"first":1610890200,"second":1610893800},"venue":{"id":12241,"name":"Jonsson Kings Park Stadium","city":"Durban, KN"},"status":{"long":"Match Finished","short":"FT","elapsed":90}},"league":{"id":288,"name":"Premier Soccer League","country":"South-Africa","logo":"https:\/\/media-3.api-sports.io\/football\/leagues\/288.png","flag":"https:\/\/media.api-sports.io\/flags\/za.svg","season":2020,"round":"Regular Season - 9"},"teams":{"home":{"id":2669,"name":"Amazulu","logo":"https:\/\/media-3.api-sports.io\/football\/teams\/2669.png","winner":null},"away":{"id":2692,"name":"Maritzburg Utd","logo":"https:\/\/media-3.api-sports.io\/football\/teams\/2692.png","winner":null}},"goals":{"home":0,"away":0},"score":{"halftime":{"home":0,"away":0},"fulltime":{"home":0,"away":0},"extratime":{"home":null,"away":null},"penalty":{"home":null,"away":null}}},{"fixture":{"id":213619,"referee":"T. Maruping","timezone":"UTC","date":"2020-01-17T18:00:00+00:00","timestamp":1579284000,"periods":{"first":1579284000,"second":1579287600},"venue":{"id":1452,"name":"Harry Gwala Stadium","city":"Pietermaritzburg, KN"},"status":{"long":"Match Finished","short":"FT","elapsed":90}},"league":{"id":288,"name":"Premier Soccer League","country":"South-Africa","logo":"https:\/\/media-3.api-sports.io\/football\/leagues\/288.png","flag":"https:\/\/media.api-sports.io\/flags\/za.svg","season":2019,"round":"Regular Season - 15"},"teams":{"home":{"id":2692,"name":"Maritzburg Utd","logo":"https:\/\/media-3.api-sports.io\/football\/teams\/2692.png","winner":true},"away":{"id":2669,"name":"Amazulu","logo":"https:\/\/media.api-sports.io\/football\/teams\/2669.png","winner":false}},"goals":{"home":1,"away":0},"score":{"halftime":{"home":1,"away":0},"fulltime":{"home":1,"away":0},"extratime":{"home":null,"away":null},"penalty":{"home":null,"away":null}}},{"fixture":{"id":213574,"referee":"V. Hlungwani","timezone":"UTC","date":"2019-12-01T13:30:00+00:00","timestamp":1575207000,"periods":{"first":1575207000,"second":1575210600},"venue":{"id":7259,"name":"Princess Magogo Stadium","city":"Durban"},"status":{"long":"Match Finished","short":"FT","elapsed":90}},"league":{"id":288,"name":"Premier Soccer League","country":"South-Africa","logo":"https:\/\/media-3.api-sports.io\/football\/leagues\/288.png","flag":"https:\/\/media.api-sports.io\/flags\/za.svg","season":2019,"round":"Regular Season - 10"},"teams":{"home":{"id":2669,"name":"Amazulu","logo":"https:\/\/media-3.api-sports.io\/football\/teams\/2669.png","winner":null},"away":{"id":2692,"name":"Maritzburg Utd","logo":"https:\/\/media.api-sports.io\/football\/teams\/2692.png","winner":null}},"goals":{"home":0,"away":0},"score":{"halftime":{"home":0,"away":0},"fulltime":{"home":0,"away":0},"extratime":{"home":null,"away":null},"penalty":{"home":null,"away":null}}},{"fixture":{"id":113915,"referee":null,"timezone":"UTC","date":"2019-03-01T18:00:00+00:00","timestamp":1551463200,"periods":{"first":1551463200,"second":1551466800},"venue":{"id":null,"name":"Harry Gwala Stadium (Pietermaritzburg, KN)","city":null},"status":{"long":"Match Finished","short":"FT","elapsed":90}},"league":{"id":288,"name":"Premier Soccer League","country":"South-Africa","logo":"https:\/\/media.api-sports.io\/football\/leagues\/288.png","flag":"https:\/\/media.api-sports.io\/flags\/za.svg","season":2018,"round":"Regular Season - 17"},"teams":{"home":{"id":2692,"name":"Maritzburg Utd","logo":"https:\/\/media-3.api-sports.io\/football\/teams\/2692.png","winner":true},"away":{"id":2669,"name":"Amazulu","logo":"https:\/\/media.api-sports.io\/football\/teams\/2669.png","winner":false}},"goals":{"home":2,"away":1},"score":{"halftime":{"home":0,"away":1},"fulltime":{"home":2,"away":1},"extratime":{"home":null,"away":null},"penalty":{"home":null,"away":null}}},{"fixture":{"id":113803,"referee":null,"timezone":"UTC","date":"2018-10-02T17:30:00+00:00","timestamp":1538501400,"periods":{"first":1538501400,"second":1538505000},"venue":{"id":null,"name":"King Goodwill Zwelithini Stadium (Durban, KN)","city":null},"status":{"long":"Match Finished","short":"FT","elapsed":90}},"league":{"id":288,"name":"Premier Soccer League","country":"South-Africa","logo":"https:\/\/media.api-sports.io\/football\/leagues\/288.png","flag":"https:\/\/media.api-sports.io\/flags\/za.svg","season":2018,"round":"Regular Season - 6"},"teams":{"home":{"id":2669,"name":"Amazulu","logo":"https:\/\/media-3.api-sports.io\/football\/teams\/2669.png","winner":null},"away":{"id":2692,"name":"Maritzburg Utd","logo":"https:\/\/media.api-sports.io\/football\/teams\/2692.png","winner":null}},"goals":{"home":0,"away":0},"score":{"halftime":{"home":0,"away":0},"fulltime":{"home":0,"away":0},"extratime":{"home":null,"away":null},"penalty":{"home":null,"away":null}}},{"fixture":{"id":98589,"referee":null,"timezone":"UTC","date":"2018-02-16T18:00:00+00:00","timestamp":1518804000,"periods":{"first":1518804000,"second":1518807600},"venue":{"id":null,"name":"Harry Gwala Stadium (Pietermaritzburg, KN)","city":null},"status":{"long":"Match Finished","short":"FT","elapsed":90}},"league":{"id":288,"name":"Premier Soccer League","country":"South-Africa","logo":"https:\/\/media-3.api-sports.io\/football\/leagues\/288.png","flag":"https:\/\/media-3.api-sports.io\/flags\/za.svg","season":2017,"round":"Regular Season - 21"},"teams":{"home":{"id":2692,"name":"Maritzburg Utd","logo":"https:\/\/media-3.api-sports.io\/football\/teams\/2692.png","winner":true},"away":{"id":2669,"name":"Amazulu","logo":"https:\/\/media.api-sports.io\/football\/teams\/2669.png","winner":false}},"goals":{"home":2,"away":0},"score":{"halftime":{"home":1,"away":0},"fulltime":{"home":2,"away":0},"extratime":{"home":null,"away":null},"penalty":{"home":null,"away":null}}}]}]}