{"get":"predictions","parameters":{"fixture":"930522"},"errors":[],"results":1,"paging":{"current":1,"total":1},"response":[{"predictions":{"winner":{"id":8074,"name":"TS Galaxy","comment":"Win or draw"},"win_or_draw":true,"under_over":"-3.5","goals":{"home":"-2.5","away":"-1.5"},"advice":"Combo Double chance : TS Galaxy or draw and -3.5 goals","percent":{"home":"45%","draw":"45%","away":"10%"}},"league":{"id":288,"name":"Premier Soccer League","country":"South-Africa","logo":"https:\/\/media.api-sports.io\/football\/leagues\/288.png","flag":"https:\/\/media-3.api-sports.io\/flags\/za.svg","season":2022},"teams":{"home":{"id":8074,"name":"TS Galaxy","logo":"https:\/\/media.api-sports.io\/football\/teams\/8074.png","last_5":{"form":"33%","att":"45%","def":"73%","goals":{"for":{"total":5,"average":"1.0"},"against":{"total":3,"average":"0.6"}}},"league":{"form":"DWWDDLLDLDDDWDDDLLW","fixtures":{"played":{"home":9,"away":10,"total":19},"wins":{"home":2,"away":2,"total":4},"draws":{"home":4,"away":6,"total":10},"loses":{"home":3,"away":2,"total":5}},"goals":{"for":{"total":{"home":8,"away":5,"total":13},"average":{"home":"0.9","away":"0.5","total":"0.7"},"minute":{"0-15":{"total":1,"percentage":"6.67%"},"16-30":{"total":2,"percentage":"13.33%"},"31-45":{"total":7,"percentage":"46.67%"},"46-60":{"total":1,"percentage":"6.67%"},"61-75":{"total":1,"percentage":"6.67%"},"76-90":{"total":2,"percentage":"13.33%"},"91-105":{"total":1,"percentage":"6.67%"},"106-120":{"total":null,"percentage":null}}},"against":{"total":{"home":5,"away":6,"total":11},"average":{"home":"0.6","away":"0.6","total":"0.6"},"minute":{"0-15":{"total":3,"percentage":"33.33%"},"16-30":{"total":null,"percentage":null},"31-45":{"total":3,"percentage":"33.33%"},"46-60":{"total":null,"percentage":null},"61-75":{"total":1,"percentage":"11.11%"},"76-90":{"total":2,"percentage":"22.22%"},"91-105":{"total":null,"percentage":null},"106-120":{"total":null,"percentage":null}}}},"biggest":{"streak":{"wins":2,"draws":3,"loses":2},"wins":{"home":"4-0","away":"1-2"},"loses":{"home":"1-2","away":"2-0"},"goals":{"for":{"home":4,"away":2},"against":{"home":2,"away":2}}},"clean_sheet":{"home":5,"away":6,"total":11},"failed_to_score":{"home":5,"away":7,"total":12},"penalty":{"scored":{"total":1,"percentage":"100.00%"},"missed":{"total":0,"percentage":"0%"},"total":1},"lineups":[{"formation":"4-2-3-1","played":12},{"formation":"4-1-4-1","played":5},{"formation":"4-5-1","played":1},{"formation":"4-1-3-2","played":1}],"cards":{"yellow":{"0-15":{"total":null,"percentage":null},"16-30":{"total":3,"percentage":"13.64%"},"31-45":{"total":2,"percentage":"9.09%"},"46-60":{"total":3,"percentage":"13.64%"},"61-75":{"total":6,"percentage":"27.27%"},"76-90":{"total":8,"percentage":"36.36%"},"91-105":{"total":null,"percentage":null},"106-120":{"total":null,"percentage":null}},"red":{"0-15":{"total":null,"percentage":null},"16-30":{"total":null,"percentage":null},"31-45":{"total":null,"percentage":null},"46-60":{"total":null,"percentage":null},"61-75":{"total":null,"percentage":null},"76-90":{"total":null,"percentage":null},"91-105":{"total":null,"percentage":null},"106-120":{"total":null,"percentage":null}}}}},"away":{"id":2691,"name":"Kaizer Chiefs","logo":"https:\/\/media.api-sports.io\/football\/teams\/2691.png","last_5":{"form":"40%","att":"36%","def":"45%","goals":{"for":{"total":4,"average":"0.8"},"against":{"total":6,"average":"1.2"}}},"league":{"form":"LWLWLDDWWWLDWWLLLW","fixtures":{"played":{"home":9,"away":9,"total":18},"wins":{"home":4,"away":4,"total":8},"draws":{"home":2,"away":1,"total":3},"loses":{"home":3,"away":4,"total":7}},"goals":{"for":{"total":{"home":11,"away":9,"total":20},"average":{"home":"1.2","away":"1.0","total":"1.1"},"minute":{"0-15":{"total":3,"percentage":"14.29%"},"16-30":{"total":1,"percentage":"4.76%"},"31-45":{"total":4,"percentage":"19.05%"},"46-60":{"total":6,"percentage":"28.57%"},"61-75":{"total":2,"percentage":"9.52%"},"76-90":{"total":4,"percentage":"19.05%"},"91-105":{"total":1,"percentage":"4.76%"},"106-120":{"total":null,"percentage":null}}},"against":{"total":{"home":7,"away":14,"total":21},"average":{"home":"0.8","away":"1.6","total":"1.2"},"minute":{"0-15":{"total":6,"percentage":"30.00%"},"16-30":{"total":3,"percentage":"15.00%"},"31-45":{"total":4,"percentage":"20.00%"},"46-60":{"total":3,"percentage":"15.00%"},"61-75":{"total":2,"percentage":"10.00%"},"76-90":{"total":1,"percentage":"5.00%"},"91-105":{"total":1,"percentage":"5.00%"},"106-120":{"total":null,"percentage":null}}}},"biggest":{"streak":{"wins":3,"draws":2,"loses":3},"wins":{"home":"3-0","away":"1-3"},"loses":{"home":"1-2","away":"4-0"},"goals":{"for":{"home":3,"away":3},"against":{"home":2,"away":4}}},"clean_sheet":{"home":4,"away":2,"total":6},"failed_to_score":{"home":3,"away":4,"total":7},"penalty":{"scored":{"total":5,"percentage":"100.00%"},"missed":{"total":0,"percentage":"0%"},"total":5},"lineups":[{"formation":"4-2-3-1","played":9},{"formation":"4-3-3","played":3},{"formation":"3-5-2","played":3},{"formation":"3-4-3","played":1},{"formation":"3-1-4-2","played":1},{"formation":"3-4-1-2","played":1}],"cards":{"yellow":{"0-15":{"total":4,"percentage":"17.39%"},"16-30":{"total":2,"percentage":"8.70%"},"31-45":{"total":2,"percentage":"8.70%"},"46-60":{"total":5,"percentage":"21.74%"},"61-75":{"total":3,"percentage":"13.04%"},"76-90":{"total":7,"percentage":"30.43%"},"91-105":{"total":null,"percentage":null},"106-120":{"total":null,"percentage":null}},"red":{"0-15":{"total":null,"percentage":null},"16-30":{"total":null,"percentage":null},"31-45":{"total":1,"percentage":"100.00%"},"46-60":{"total":null,"percentage":null},"61-75":{"total":null,"percentage":null},"76-90":{"total":null,"percentage":null},"91-105":{"total":null,"percentage":null},"106-120":{"total":null,"percentage":null}}}}}},"comparison":{"form":{"home":"45%","away":"55%"},"att":{"home":"56%","away":"44%"},"def":{"home":"67%","away":"33%"},"poisson_distribution":{"home":"65%","away":"35%"},"h2h":{"home":"50%","away":"50%"},"goals":{"home":"50%","away":"50%"},"total":{"home":"55.5%","away":"44.5%"}},"h2h":[{"fixture":{"id":930464,"referee":"Thokozani Mkhize, South Africa","timezone":"UTC","date":"2022-10-19T17:30:00+00:00","timestamp":1666200600,"periods":{"first":1666200600,"second":1666204200},"venue":{"id":null,"name":"First National Bank Stadium","city":"Johannesburg"},"status":{"long":"Match Finished","short":"FT","elapsed":90}},"league":{"id":288,"name":"Premier Soccer League","country":"South-Africa","logo":"https:\/\/media.api-sports.io\/football\/leagues\/288.png","flag":"https:\/\/media-3.api-sports.io\/flags\/za.svg","season":2022,"round":"Regular Season - 9"},"teams":{"home":{"id":2691,"name":"Kaizer Chiefs","logo":"https:\/\/media-3.api-sports.io\/football\/teams\/2691.png","winner":null},"away":{"id":8074,"name":"TS Galaxy","logo":"https:\/\/media.api-sports.io\/football\/teams\/8074.png","winner":null}},"goals":{"home":2,"away":2},"score":{"halftime":{"home":1,"away":2},"fulltime":{"home":2,"away":2},"extratime":{"home":null,"away":null},"penalty":{"home":null,"away":null}}},{"fixture":{"id":758241,"referee":"E. Mdluli","timezone":"UTC","date":"2022-04-05T17:30:00+00:00","timestamp":1649179800,"periods":{"first":1649179800,"second":1649183400},"venue":{"id":null,"name":"FNB Stadium","city":"Johannesburg, GA"},"status":{"long":"Match Finished","short":"FT","elapsed":90}},"league":{"id":288,"name":"Premier Soccer League","country":"South-Africa","logo":"https:\/\/media.api-sports.io\/football\/leagues\/288.png","flag":"https:\/\/media-3.api-sports.io\/flags\/za.svg","season":2021,"round":"Regular Season - 19"},"teams":{"home":{"id":2691,"name":"Kaizer Chiefs","logo":"https:\/\/media-3.api-sports.io\/football\/teams\/2691.png","winner":null},"away":{"id":8074,"name":"TS Galaxy","logo":"https:\/\/media-3.api-sports.io\/football\/teams\/8074.png","winner":null}},"goals":{"home":0,"away":0},"score":{"halftime":{"home":0,"away":0},"fulltime":{"home":0,"away":0},"extratime":{"home":null,"away":null},"penalty":{"home":null,"away":null}}},{"fixture":{"id":828623,"referee":"V. Hlungwani","timezone":"UTC","date":"2022-02-12T16:00:00+00:00","timestamp":1644681600,"periods":{"first":1644681600,"second":1644685200},"venue":{"id":null,"name":"FNB Stadium","city":"Johannesburg, GA"},"status":{"long":"Match Finished","short":"FT","elapsed":90}},"league":{"id":507,"name":"Cup","country":"South-Africa","logo":"https:\/\/media.api-sports.io\/football\/leagues\/507.png","flag":"https:\/\/media-3.api-sports.io\/flags\/za.svg","season":2021,"round":"Round of 32"},"teams":{"home":{"id":2691,"name":"Kaizer Chiefs","logo":"https:\/\/media-3.api-sports.io\/football\/teams\/2691.png","winner":false},"away":{"id":8074,"name":"TS Galaxy","logo":"https:\/\/media.api-sports.io\/football\/teams\/8074.png","winner":true}},"goals":{"home":0,"away":1},"score":{"halftime":{"home":0,"away":0},"fulltime":{"home":0,"away":1},"extratime":{"home":null,"away":null},"penalty":{"home":null,"away":null}}},{"fixture":{"id":758064,"referee":"T. Mkwanazi","timezone":"UTC","date":"2021-08-22T15:00:00+00:00","timestamp":1629644400,"periods":{"first":1629644400,"second":1629648000},"venue":{"id":12715,"name":"Mbombela Stadium","city":"Nelspruit"},"status":{"long":"Match Finished","short":"FT","elapsed":90}},"league":{"id":288,"name":"Premier Soccer League","country":"South-Africa","logo":"https:\/\/media.api-sports.io\/football\/leagues\/288.png","flag":"https:\/\/media-3.api-sports.io\/flags\/za.svg","season":2021,"round":"Regular Season - 1"},"teams":{"home":{"id":8074,"name":"TS Galaxy","logo":"https:\/\/media.api-sports.io\/football\/teams\/8074.png","winner":null},"away":{"id":2691,"name":"Kaizer Chiefs","logo":"https:\/\/media-3.api-sports.io\/football\/teams\/2691.png","winner":null}},"goals":{"home":0,"away":0},"score":{"halftime":{"home":0,"away":0},"fulltime":{"home":0,"away":0},"extratime":{"home":null,"away":null},"penalty":{"home":null,"away":null}}},{"fixture":{"id":643469,"referee":"M. Bambiso","timezone":"UTC","date":"2021-06-05T13:00:00+00:00","timestamp":1622898000,"periods":{"first":1622898000,"second":1622901600},"venue":{"id":12715,"name":"Mbombela Stadium","city":"Nelspruit"},"status":{"long":"Match Finished","short":"FT","elapsed":90}},"league":{"id":288,"name":"Premier Soccer League","country":"South-Africa","logo":"https:\/\/media-3.api-sports.io\/football\/leagues\/288.png","flag":"https:\/\/media-3.api-sports.io\/flags\/za.svg","season":2020,"round":"Regular Season - 24"},"teams":{"home":{"id":8074,"name":"TS Galaxy","logo":"https:\/\/media-3.api-sports.io\/football\/teams\/8074.png","winner":false},"away":{"id":2691,"name":"Kaizer Chiefs","logo":"https:\/\/media-3.api-sports.io\/football\/teams\/2691.png","winner":true}},"goals":{"home":0,"away":1},"score":{"halftime":{"home":0,"away":1},"fulltime":{"home":0,"away":1},"extratime":{"home":null,"away":null},"penalty":{"home":null,"away":null}}},{"fixture":{"id":643255,"referee":"T. Mkwanazi","timezone":"UTC","date":"2020-11-04T17:30:00+00:00","timestamp":1604511000,"periods":{"first":1604511000,"second":1604514600},"venue":{"id":null,"name":"FNB Stadium","city":"Johannesburg, GA"},"status":{"long":"Match Finished","short":"FT","elapsed":90}},"league":{"id":288,"name":"Premier Soccer League","country":"South-Africa","logo":"https:\/\/media-3.api-sports.io\/football\/leagues\/288.png","flag":"https:\/\/media-3.api-sports.io\/flags\/za.svg","season":2020,"round":"Regular Season - 2"},"teams":{"home":{"id":2691,"name":"Kaizer Chiefs","logo":"https:\/\/media-3.api-sports.io\/football\/teams\/2691.png","winner":null},"away":{"id":8074,"name":"TS Galaxy","logo":"https:\/\/media.api-sports.io\/football\/teams\/8074.png","winner":null}},"goals":{"home":0,"away":0},"score":{"halftime":{"home":0,"away":0},"fulltime":{"home":0,"away":0},"extratime":{"home":null,"away":null},"penalty":{"home":null,"away":null}}},{"fixture":{"id":337114,"referee":null,"timezone":"UTC","date":"2019-05-18T17:00:00+00:00","timestamp":1558198800,"periods":{"first":1558198800,"second":1558202400},"venue":{"id":null,"name":"Moses Mabhida Stadium","city":"Durban"},"status":{"long":"Match Finished","short":"FT","elapsed":90}},"league":{"id":507,"name":"Cup","country":"South-Africa","logo":"https:\/\/media-3.api-sports.io\/football\/leagues\/507.png","flag":"https:\/\/media-3.api-sports.io\/flags\/za.svg","season":2018,"round":"Final"},"teams":{"home":{"id":2691,"name":"Kaizer Chiefs","logo":"https:\/\/media-3.api-sports.io\/football\/teams\/2691.png","winner":false},"away":{"id":8074,"name":"TS Galaxy","logo":"https:\/\/media-3.api-sports.io\/football\/teams\/8074.png","winner":true}},"goals":{"home":0,"away":1},"score":{"halftime":{"home":0,"away":0},"fulltime":{"home":0,"away":1},"extratime":{"home":null,"away":null},"penalty":{"home":null,"away":null}}}]}]}