{"get":"fixtures","parameters":{"league":"288","season":"2022","from":"2023-01-27","to":"2023-02-02"},"errors":[],"results":8,"paging":{"current":1,"total":1},"response":[{"fixture":{"id":930507,"referee":"Luxolo Badi, South Africa","timezone":"UTC","date":"2023-01-27T17:30:00+00:00","timestamp":1674840600,"periods":{"first":1674840600,"second":1674844200},"venue":{"id":12714,"name":"Danie Craven Stadium","city":"Stellenbosch"},"status":{"long":"Match Finished","short":"FT","elapsed":90}},"league":{"id":288,"name":"Premier Soccer League","country":"South-Africa","logo":"https:\/\/media-3.api-sports.io\/football\/leagues\/288.png","flag":"https:\/\/media-3.api-sports.io\/flags\/za.svg","season":2022,"round":"Regular Season - 15"},"teams":{"home":{"id":4905,"name":"Stellenbosch","logo":"https:\/\/media-3.api-sports.io\/football\/teams\/4905.png","winner":true},"away":{"id":2697,"name":"Cape Town City","logo":"https:\/\/media-3.api-sports.io\/football\/teams\/2697.png","winner":false}},"goals":{"home":3,"away":2},"score":{"halftime":{"home":1,"away":2},"fulltime":{"home":3,"away":2},"extratime":{"home":null,"away":null},"penalty":{"home":null,"away":null}}},{"fixture":{"id":930508,"referee":"Thokozani Mkhize, South Africa","timezone":"UTC","date":"2023-01-28T13:30:00+00:00","timestamp":1674912600,"periods":{"first":1674912600,"second":1674916200},"venue":{"id":12712,"name":"Loftus Versfeld Stadium","city":"Tshwane"},"status":{"long":"Match Finished","short":"FT","elapsed":90}},"league":{"id":288,"name":"Premier Soccer League","country":"South-Africa","logo":"https:\/\/media-3.api-sports.io\/football\/leagues\/288.png","flag":"https:\/\/media-3.api-sports.io\/flags\/za.svg","season":2022,"round":"Regular Season - 15"},"teams":{"home":{"id":2699,"name":"Mamelodi Sundowns","logo":"https:\/\/media.api-sports.io\/football\/teams\/2699.png","winner":true},"away":{"id":15537,"name":"Sekhukhune United","logo":"https:\/\/media-3.api-sports.io\/football\/teams\/15537.png","winner":false}},"goals":{"home":2,"away":0},"score":{"halftime":{"home":0,"away":0},"fulltime":{"home":2,"away":0},"extratime":{"home":null,"away":null},"penalty":{"home":null,"away":null}}},{"fixture":{"id":930509,"referee":"Sikhumbuzo Gasa, South Africa","timezone":"UTC","date":"2023-01-28T15:30:00+00:00","timestamp":1674919800,"periods":{"first":1674919800,"second":1674923400},"venue":{"id":7255,"name":"Volkswagen Dobsonville Stadium","city":"Johannesburg, GA"},"status":{"long":"Match Finished","short":"FT","elapsed":90}},"league":{"id":288,"name":"Premier Soccer League","country":"South-Africa","logo":"https:\/\/media-3.api-sports.io\/football\/leagues\/288.png","flag":"https:\/\/media-3.api-sports.io\/flags\/za.svg","season":2022,"round":"Regular Season - 15"},"teams":{"home":{"id":10563,"name":"Moroka Swallows","logo":"https:\/\/media-3.api-sports.io\/football\/teams\/10563.png","winner":null},"away":{"id":2694,"name":"Supersport United","logo":"https:\/\/media-3.api-sports.io\/football\/teams\/2694.png","winner":null}},"goals":{"home":0,"away":0},"score":{"halftime":{"home":0,"away":0},"fulltime":{"home":0,"away":0},"extratime":{"home":null,"away":null},"penalty":{"home":null,"away":null}}},{"fixture":{"id":930510,"referee":"Philangenkosi Khumalo, South Africa","timezone":"UTC","date":"2023-01-28T18:00:00+00:00","timestamp":1674928800,"periods":{"first":1674928800,"second":1674932400},"venue":{"id":1454,"name":"Royal Bafokeng Stadium","city":"Phokeng, NW"},"status":{"long":"Match Finished","short":"FT","elapsed":90}},"league":{"id":288,"name":"Premier Soccer League","country":"South-Africa","logo":"https:\/\/media-3.api-sports.io\/football\/leagues\/288.png","flag":"https:\/\/media-3.api-sports.io\/flags\/za.svg","season":2022,"round":"Regular Season - 15"},"teams":{"home":{"id":2682,"name":"Tshakhuma Madzivhadila","logo":"https:\/\/media.api-sports.io\/football\/teams\/2682.png","winner":false},"away":{"id":2700,"name":"Orlando Pirates","logo":"https:\/\/media-3.api-sports.io\/football\/teams\/2700.png","winner":true}},"goals":{"home":0,"away":2},"score":{"halftime":{"home":0,"away":1},"fulltime":{"home":0,"away":2},"extratime":{"home":null,"away":null},"penalty":{"home":null,"away":null}}},{"fixture":{"id":930511,"referee":"Thando Helpus Ndzandzeka, South Africa","timezone":"UTC","date":"2023-01-29T13:30:00+00:00","timestamp":1674999000,"periods":{"first":1674999000,"second":1675002600},"venue":{"id":1445,"name":"King Goodwill Zwelithini Stadium","city":"Durban, KN"},"status":{"long":"Match Finished","short":"FT","elapsed":90}},"league":{"id":288,"name":"Premier Soccer League","country":"South-Africa","logo":"https:\/\/media-3.api-sports.io\/football\/leagues\/288.png","flag":"https:\/\/media-3.api-sports.io\/flags\/za.svg","season":2022,"round":"Regular Season - 15"},"teams":{"home":{"id":10567,"name":"Richards Bay","logo":"https:\/\/media.api-sports.io\/football\/teams\/10567.png","winner":null},"away":{"id":2669,"name":"Amazulu","logo":"https:\/\/media-3.api-sports.io\/football\/teams\/2669.png","winner":null}},"goals":{"home":1,"away":1},"score":{"halftime":{"home":0,"away":1},"fulltime":{"home":1,"away":1},"extratime":{"home":null,"away":null},"penalty":{"home":null,"away":null}}},{"fixture":{"id":930512,"referee":null,"timezone":"UTC","date":"2023-01-29T13:30:00+00:00","timestamp":1674999000,"periods":{"first":1674999000,"second":1675002600},"venue":{"id":1718,"name":"Nelson Mandela Bay Stadium","city":"Port Elizabeth"},"status":{"long":"Match Finished","short":"FT","elapsed":90}},"league":{"id":288,"name":"Premier Soccer League","country":"South-Africa","logo":"https:\/\/media-3.api-sports.io\/football\/leagues\/288.png","flag":"https:\/\/media-3.api-sports.io\/flags\/za.svg","season":2022,"round":"Regular Season - 15"},"teams":{"home":{"id":2698,"name":"Chippa United","logo":"https:\/\/media.api-sports.io\/football\/teams\/2698.png","winner":true},"away":{"id":2692,"name":"Maritzburg Utd","logo":"https:\/\/media.api-sports.io\/football\/teams\/2692.png","winner":false}},"goals":{"home":1,"away":0},"score":{"halftime":{"home":0,"away":0},"fulltime":{"home":1,"away":0},"extratime":{"home":null,"away":null},"penalty":{"home":null,"away":null}}},{"fixture":{"id":930513,"referee":"Cedrick Muvhali, South Africa","timezone":"UTC","date":"2023-01-29T15:30:00+00:00","timestamp":1675006200,"periods":{"first":1675006200,"second":1675009800},"venue":{"id":1717,"name":"Peter Mokaba Stadium","city":"Pietersburg"},"status":{"long":"Match Finished","short":"FT","elapsed":90}},"league":{"id":288,"name":"Premier Soccer League","country":"South-Africa","logo":"https:\/\/media-3.api-sports.io\/football\/leagues\/288.png","flag":"https:\/\/media-3.api-sports.io\/flags\/za.svg","season":2022,"round":"Regular Season - 15"},"teams":{"home":{"id":2691,"name":"Kaizer Chiefs","logo":"https:\/\/media.api-sports.io\/football\/teams\/2691.png","winner":true},"away":{"id":10566,"name":"Royal AM","logo":"https:\/\/media.api-sports.io\/football\/teams\/10566.png","winner":false}},"goals":{"home":2,"away":0},"score":{"halftime":{"home":0,"away":0},"fulltime":{"home":2,"away":0},"extratime":{"home":null,"away":null},"penalty":{"home":null,"away":null}}},{"fixture":{"id":930514,"referee":null,"timezone":"UTC","date":"2023-01-29T15:30:00+00:00","timestamp":1675006200,"periods":{"first":1675006200,"second":1675009800},"venue":{"id":12715,"name":"Mbombela Stadium","city":"Nelspruit"},"status":{"long":"Match Finished","short":"FT","elapsed":90}},"league":{"id":288,"name":"Premier Soccer League","country":"South-Africa","logo":"https:\/\/media-3.api-sports.io\/football\/leagues\/288.png","flag":"https:\/\/media-3.api-sports.io\/flags\/za.svg","season":2022,"round":"Regular Season - 15"},"teams":{"home":{"id":8074,"name":"TS Galaxy","logo":"https:\/\/media-3.api-sports.io\/football\/teams\/8074.png","winner":true},"away":{"id":2690,"name":"Golden Arrows","logo":"https:\/\/media-3.api-sports.io\/football\/teams\/2690.png","winner":false}},"goals":{"home":4,"away":0},"score":{"halftime":{"home":2,"away":0},"fulltime":{"home":4,"away":0},"extratime":{"home":null,"away":null},"penalty":{"home":null,"away":null}}}]}