{"get":"fixtures","parameters":{"league":"288","next":"10"},"errors":[],"results":10,"paging":{"current":1,"total":1},"response":[{"fixture":{"id":930521,"referee":null,"timezone":"UTC","date":"2023-02-03T16:00:00+00:00","timestamp":1675440000,"periods":{"first":null,"second":null},"venue":{"id":7255,"name":"Volkswagen Dobsonville Stadium","city":"Johannesburg, GA"},"status":{"long":"Not Started","short":"NS","elapsed":null}},"league":{"id":288,"name":"Premier Soccer League","country":"South-Africa","logo":"https:\/\/media.api-sports.io\/football\/leagues\/288.png","flag":"https:\/\/media-3.api-sports.io\/flags\/za.svg","season":2022,"round":"Regular Season - 16"},"teams":{"home":{"id":10563,"name":"Moroka Swallows","logo":"https:\/\/media-3.api-sports.io\/football\/teams\/10563.png","winner":null},"away":{"id":10567,"name":"Richards Bay","logo":"https:\/\/media.api-sports.io\/football\/teams\/10567.png","winner":null}},"goals":{"home":null,"away":null},"score":{"halftime":{"home":null,"away":null},"fulltime":{"home":null,"away":null},"extratime":{"home":null,"away":null},"penalty":{"home":null,"away":null}}},{"fixture":{"id":930515,"referee":null,"timezone":"UTC","date":"2023-02-03T17:30:00+00:00","timestamp":1675445400,"periods":{"first":null,"second":null},"venue":{"id":1452,"name":"Harry Gwala Stadium","city":"Pietermaritzburg, KN"},"status":{"long":"Not Started","short":"NS","elapsed":null}},"league":{"id":288,"name":"Premier Soccer League","country":"South-Africa","logo":"https:\/\/media.api-sports.io\/football\/leagues\/288.png","flag":"https:\/\/media-3.api-sports.io\/flags\/za.svg","season":2022,"round":"Regular Season - 16"},"teams":{"home":{"id":2692,"name":"Maritzburg Utd","logo":"https:\/\/media-3.api-sports.io\/football\/teams\/2692.png","winner":null},"away":{"id":2669,"name":"Amazulu","logo":"https:\/\/media.api-sports.io\/football\/teams\/2669.png","winner":null}},"goals":{"home":null,"away":null},"score":{"halftime":{"home":null,"away":null},"fulltime":{"home":null,"away":null},"extratime":{"home":null,"away":null},"penalty":{"home":null,"away":null}}},{"fixture":{"id":930516,"referee":null,"timezone":"UTC","date":"2023-02-04T13:30:00+00:00","timestamp":1675517400,"periods":{"first":null,"second":null},"venue":{"id":1718,"name":"Nelson Mandela Bay Stadium","city":"Port Elizabeth"},"status":{"long":"Not Started","short":"NS","elapsed":null}},"league":{"id":288,"name":"Premier Soccer League","country":"South-Africa","logo":"https:\/\/media.api-sports.io\/football\/leagues\/288.png","flag":"https:\/\/media-3.api-sports.io\/flags\/za.svg","season":2022,"round":"Regular Season - 16"},"teams":{"home":{"id":2698,"name":"Chippa United","logo":"https:\/\/media.api-sports.io\/football\/teams\/2698.png","winner":null},"away":{"id":4905,"name":"Stellenbosch","logo":"https:\/\/media.api-sports.io\/football\/teams\/4905.png","winner":null}},"goals":{"home":null,"away":null},"score":{"halftime":{"home":null,"away":null},"fulltime":{"home":null,"away":null},"extratime":{"home":null,"away":null},"penalty":{"home":null,"away":null}}},{"fixture":{"id":930517,"referee":null,"timezone":"UTC","date":"2023-02-04T13:30:00+00:00","timestamp":1675517400,"periods":{"first":null,"second":null},"venue":{"id":7259,"name":"Princess Magogo Stadium","city":"Durban"},"status":{"long":"Not Started","short":"NS","elapsed":null}},"league":{"id":288,"name":"Premier Soccer League","country":"South-Africa","logo":"https:\/\/media.api-sports.io\/football\/leagues\/288.png","flag":"https:\/\/media-3.api-sports.io\/flags\/za.svg","season":2022,"round":"Regular Season - 16"},"teams":{"home":{"id":2690,"name":"Golden Arrows","logo":"https:\/\/media-3.api-sports.io\/football\/teams\/2690.png","winner":null},"away":{"id":10566,"name":"Royal AM","logo":"https:\/\/media.api-sports.io\/football\/teams\/10566.png","winner":null}},"goals":{"home":null,"away":null},"score":{"halftime":{"home":null,"away":null},"fulltime":{"home":null,"away":null},"extratime":{"home":null,"away":null},"penalty":{"home":null,"away":null}}},{"fixture":{"id":930518,"referee":null,"timezone":"UTC","date":"2023-02-04T13:30:00+00:00","timestamp":1675517400,"periods":{"first":null,"second":null},"venue":{"id":1453,"name":"Orlando Stadium","city":"Johannesburg, GA"},"status":{"long":"Not Started","short":"NS","elapsed":null}},"league":{"id":288,"name":"Premier Soccer League","country":"South-Africa","logo":"https:\/\/media.api-sports.io\/football\/leagues\/288.png","flag":"https:\/\/media-3.api-sports.io\/flags\/za.svg","season":2022,"round":"Regular Season - 16"},"teams":{"home":{"id":2700,"name":"Orlando Pirates","logo":"https:\/\/media-3.api-sports.io\/football\/teams\/2700.png","winner":null},"away":{"id":2699,"name":"Mamelodi Sundowns","logo":"https:\/\/media.api-sports.io\/football\/teams\/2699.png","winner":null}},"goals":{"home":null,"away":null},"score":{"halftime":{"home":null,"away":null},"fulltime":{"home":null,"away":null},"extratime":{"home":null,"away":null},"penalty":{"home":null,"away":null}}},{"fixture":{"id":930519,"referee":null,"timezone":"UTC","date":"2023-02-04T15:30:00+00:00","timestamp":1675524600,"periods":{"first":null,"second":null},"venue":{"id":1451,"name":"Lucas Masterpieces Moripe Stadium","city":"Pretoria, GT"},"status":{"long":"Not Started","short":"NS","elapsed":null}},"league":{"id":288,"name":"Premier Soccer League","country":"South-Africa","logo":"https:\/\/media.api-sports.io\/football\/leagues\/288.png","flag":"https:\/\/media-3.api-sports.io\/flags\/za.svg","season":2022,"round":"Regular Season - 16"},"teams":{"home":{"id":2694,"name":"Supersport United","logo":"https:\/\/media-3.api-sports.io\/football\/teams\/2694.png","winner":null},"away":{"id":2697,"name":"Cape Town City","logo":"https:\/\/media-3.api-sports.io\/football\/teams\/2697.png","winner":null}},"goals":{"home":null,"away":null},"score":{"halftime":{"home":null,"away":null},"fulltime":{"home":null,"away":null},"extratime":{"home":null,"away":null},"penalty":{"home":null,"away":null}}},{"fixture":{"id":930520,"referee":null,"timezone":"UTC","date":"2023-02-04T18:00:00+00:00","timestamp":1675533600,"periods":{"first":null,"second":null},"venue":{"id":1454,"name":"Royal Bafokeng Stadium","city":"Phokeng, NW"},"status":{"long":"Not Started","short":"NS","elapsed":null}},"league":{"id":288,"name":"Premier Soccer League","country":"South-Africa","logo":"https:\/\/media.api-sports.io\/football\/leagues\/288.png","flag":"https:\/\/media-3.api-sports.io\/flags\/za.svg","season":2022,"round":"Regular Season - 16"},"teams":{"home":{"id":2682,"name":"Tshakhuma Madzivhadila","logo":"https:\/\/media.api-sports.io\/football\/teams\/2682.png","winner":null},"away":{"id":15537,"name":"Sekhukhune United","logo":"https:\/\/media-3.api-sports.io\/football\/teams\/15537.png","winner":null}},"goals":{"home":null,"away":null},"score":{"halftime":{"home":null,"away":null},"fulltime":{"home":null,"away":null},"extratime":{"home":null,"away":null},"penalty":{"home":null,"away":null}}},{"fixture":{"id":930522,"referee":null,"timezone":"UTC","date":"2023-02-05T13:30:00+00:00","timestamp":1675603800,"periods":{"first":null,"second":null},"venue":{"id":12715,"name":"Mbombela Stadium","city":"Nelspruit"},"status":{"long":"Not Started","short":"NS","elapsed":null}},"league":{"id":288,"name":"Premier Soccer League","country":"South-Africa","logo":"https:\/\/media.api-sports.io\/football\/leagues\/288.png","flag":"https:\/\/media-3.api-sports.io\/flags\/za.svg","season":2022,"round":"Regular Season - 16"},"teams":{"home":{"id":8074,"name":"TS Galaxy","logo":"https:\/\/media.api-sports.io\/football\/teams\/8074.png","winner":null},"away":{"id":2691,"name":"Kaizer Chiefs","logo":"https:\/\/media.api-sports.io\/football\/teams\/2691.png","winner":null}},"goals":{"home":null,"away":null},"score":{"halftime":{"home":null,"away":null},"fulltime":{"home":null,"away":null},"extratime":{"home":null,"away":null},"penalty":{"home":null,"away":null}}},{"fixture":{"id":930523,"referee":null,"timezone":"UTC","date":"2023-02-17T17:30:00+00:00","timestamp":1676655000,"periods":{"first":null,"second":null},"venue":{"id":1453,"name":"Orlando Stadium","city":"Johannesburg, GA"},"status":{"long":"Not Started","short":"NS","elapsed":null}},"league":{"id":288,"name":"Premier Soccer League","country":"South-Africa","logo":"https:\/\/media.api-sports.io\/football\/leagues\/288.png","flag":"https:\/\/media-3.api-sports.io\/flags\/za.svg","season":2022,"round":"Regular Season - 16"},"teams":{"home":{"id":2700,"name":"Orlando Pirates","logo":"https:\/\/media.api-sports.io\/football\/teams\/2700.png","winner":null},"away":{"id":2692,"name":"Maritzburg Utd","logo":"https:\/\/media-3.api-sports.io\/football\/teams\/2692.png","winner":null}},"goals":{"home":null,"away":null},"score":{"halftime":{"home":null,"away":null},"fulltime":{"home":null,"away":null},"extratime":{"home":null,"away":null},"penalty":{"home":null,"away":null}}},{"fixture":{"id":930529,"referee":null,"timezone":"UTC","date":"2023-02-18T13:30:00+00:00","timestamp":1676727000,"periods":{"first":null,"second":null},"venue":{"id":7262,"name":"Chatsworth Stadium","city":"Durban, KN"},"status":{"long":"Not Started","short":"NS","elapsed":null}},"league":{"id":288,"name":"Premier Soccer League","country":"South-Africa","logo":"https:\/\/media.api-sports.io\/football\/leagues\/288.png","flag":"https:\/\/media-3.api-sports.io\/flags\/za.svg","season":2022,"round":"Regular Season - 16"},"teams":{"home":{"id":10566,"name":"Royal AM","logo":"https:\/\/media-3.api-sports.io\/football\/teams\/10566.png","winner":null},"away":{"id":2694,"name":"Supersport United","logo":"https:\/\/media.api-sports.io\/football\/teams\/2694.png","winner":null}},"goals":{"home":null,"away":null},"score":{"halftime":{"home":null,"away":null},"fulltime":{"home":null,"away":null},"extratime":{"home":null,"away":null},"penalty":{"home":null,"away":null}}}]}