{
  "errors": [],
  "get": "standings",
  "paging": {
    "current": 1,
    "total": 1
  },
  "parameters": {
    "league": "288",
    "season": "2022"
  },
  "response": [
    {
      "league": {
        "id": 288,
        "name": "Premier Soccer League",
        "country": "South-Africa",
        "logo": "https:\/\/media-3.api-sports.io\/football\/leagues\/288.png",
        "flag": "https:\/\/media-3.api-sports.io\/flags\/za.svg",
        "season": 2022,
        "standings": [
          [
            {
              "rank": 1,
              "team": {
                "id": 2699,
                "name": "Mamelodi Sundowns",
                "logo": "https:\/\/media-3.api-sports.io\/football\/teams\/2699.png"
              },
              "points": 52,
              "goalsDiff": 31,
              "group": "PSL",
              "form": "WWWWW",
              "status": "same",
              "description": "CAF Champions League",
              "all": {
                "played": 20,
                "win": 17,
                "draw": 1,
                "lose": 2,
                "goals": {
                  "for": 38,
                  "against": 7
                }
              },
              "home": {
                "played": 11,
                "win": 10,
                "draw": 0,
                "lose": 1,
                "goals": {
                  "for": 20,
                  "against": 3
                }
              },
              "away": {
                "played": 9,
                "win": 7,
                "draw": 1,
                "lose": 1,
                "goals": {
                  "for": 18,
                  "against": 4
                }
              },
              "update": "2023-01-29T00:00:00+00:00"
            },
            {
              "rank": 2,
              "team": {
                "id": 10567,
                "name": "Richards Bay",
                "logo": "https:\/\/media-3.api-sports.io\/football\/teams\/10567.png"
              },
              "points": 31,
              "goalsDiff": 6,
              "group": "PSL",
              "form": "DDWLW",
              "status": "same",
              "description": "CAF Champions League",
              "all": {
                "played": 18,
                "win": 8,
                "draw": 7,
                "lose": 3,
                "goals": {
                  "for": 16,
                  "against": 10
                }
              },
              "home": {
                "played": 9,
                "win": 3,
                "draw": 4,
                "lose": 2,
                "goals": {
                  "for": 4,
                  "against": 4
                }
              },
              "away": {
                "played": 9,
                "win": 5,
                "draw": 3,
                "lose": 1,
                "goals": {
                  "for": 12,
                  "against": 6
                }
              },
              "update": "2023-01-29T00:00:00+00:00"
            },
            {
              "rank": 3,
              "team": {
                "id": 2694,
                "name": "Supersport United",
                "logo": "https:\/\/media.api-sports.io\/football\/teams\/2694.png"
              },
              "points": 29,
              "goalsDiff": 5,
              "group": "PSL",
              "form": "DDLLW",
              "status": "same",
              "description": "CAF Confederation Cup",
              "all": {
                "played": 18,
                "win": 8,
                "draw": 5,
                "lose": 5,
                "goals": {
                  "for": 21,
                  "against": 16
                }
              },
              "home": {
                "played": 8,
                "win": 4,
                "draw": 4,
                "lose": 0,
                "goals": {
                  "for": 12,
                  "against": 6
                }
              },
              "away": {
                "played": 10,
                "win": 4,
                "draw": 1,
                "lose": 5,
                "goals": {
                  "for": 9,
                  "against": 10
                }
              },
              "update": "2023-01-29T00:00:00+00:00"
            },
            {
              "rank": 4,
              "team": {
                "id": 2700,
                "name": "Orlando Pirates",
                "logo": "https:\/\/media.api-sports.io\/football\/teams\/2700.png"
              },
              "points": 28,
              "goalsDiff": 6,
              "group": "PSL",
              "form": "WWWLL",
              "status": "same",
              "description": null,
              "all": {
                "played": 18,
                "win": 8,
                "draw": 4,
                "lose": 6,
                "goals": {
                  "for": 19,
                  "against": 13
                }
              },
              "home": {
                "played": 9,
                "win": 5,
                "draw": 2,
                "lose": 2,
                "goals": {
                  "for": 12,
                  "against": 5
                }
              },
              "away": {
                "played": 9,
                "win": 3,
                "draw": 2,
                "lose": 4,
                "goals": {
                  "for": 7,
                  "against": 8
                }
              },
              "update": "2023-01-29T00:00:00+00:00"
            },
            {
              "rank": 5,
              "team": {
                "id": 15537,
                "name": "Sekhukhune United",
                "logo": "https:\/\/media.api-sports.io\/football\/teams\/15537.png"
              },
              "points": 24,
              "goalsDiff": -1,
              "group": "PSL",
              "form": "LWWWW",
              "status": "same",
              "description": null,
              "all": {
                "played": 18,
                "win": 6,
                "draw": 6,
                "lose": 6,
                "goals": {
                  "for": 16,
                  "against": 17
                }
              },
              "home": {
                "played": 8,
                "win": 4,
                "draw": 3,
                "lose": 1,
                "goals": {
                  "for": 10,
                  "against": 6
                }
              },
              "away": {
                "played": 10,
                "win": 2,
                "draw": 3,
                "lose": 5,
                "goals": {
                  "for": 6,
                  "against": 11
                }
              },
              "update": "2023-01-29T00:00:00+00:00"
            },
            {
              "rank": 6,
              "team": {
                "id": 2698,
                "name": "Chippa United",
                "logo": "https:\/\/media-3.api-sports.io\/football\/teams\/2698.png"
              },
              "points": 24,
              "goalsDiff": -3,
              "group": "PSL",
              "form": "WDDLL",
              "status": "up",
              "description": null,
              "all": {
                "played": 19,
                "win": 6,
                "draw": 6,
                "lose": 7,
                "goals": {
                  "for": 21,
                  "against": 24
                }
              },
              "home": {
                "played": 8,
                "win": 3,
                "draw": 3,
                "lose": 2,
                "goals": {
                  "for": 8,
                  "against": 8
                }
              },
              "away": {
                "played": 11,
                "win": 3,
                "draw": 3,
                "lose": 5,
                "goals": {
                  "for": 13,
                  "against": 16
                }
              },
              "update": "2023-01-29T00:00:00+00:00"
            },
            {
              "rank": 7,
              "team": {
                "id": 2691,
                "name": "Kaizer Chiefs",
                "logo": "https:\/\/media-3.api-sports.io\/football\/teams\/2691.png"
              },
              "points": 24,
              "goalsDiff": -3,
              "group": "PSL",
              "form": "LLLWW",
              "status": "down",
              "description": null,
              "all": {
                "played": 17,
                "win": 7,
                "draw": 3,
                "lose": 7,
                "goals": {
                  "for": 18,
                  "against": 21
                }
              },
              "home": {
                "played": 8,
                "win": 3,
                "draw": 2,
                "lose": 3,
                "goals": {
                  "for": 9,
                  "against": 7
                }
              },
              "away": {
                "played": 9,
                "win": 4,
                "draw": 1,
                "lose": 4,
                "goals": {
                  "for": 9,
                  "against": 14
                }
              },
              "update": "2023-01-29T00:00:00+00:00"
            },
            {
              "rank": 8,
              "team": {
                "id": 2669,
                "name": "Amazulu",
                "logo": "https:\/\/media.api-sports.io\/football\/teams\/2669.png"
              },
              "points": 23,
              "goalsDiff": 2,
              "group": "PSL",
              "form": "DDWLD",
              "status": "same",
              "description": null,
              "all": {
                "played": 18,
                "win": 5,
                "draw": 8,
                "lose": 5,
                "goals": {
                  "for": 17,
                  "against": 15
                }
              },
              "home": {
                "played": 9,
                "win": 4,
                "draw": 2,
                "lose": 3,
                "goals": {
                  "for": 12,
                  "against": 8
                }
              },
              "away": {
                "played": 9,
                "win": 1,
                "draw": 6,
                "lose": 2,
                "goals": {
                  "for": 5,
                  "against": 7
                }
              },
              "update": "2023-01-29T00:00:00+00:00"
            },
            {
              "rank": 9,
              "team": {
                "id": 2697,
                "name": "Cape Town City",
                "logo": "https:\/\/media-3.api-sports.io\/football\/teams\/2697.png"
              },
              "points": 23,
              "goalsDiff": -1,
              "group": "PSL",
              "form": "LWDWL",
              "status": "down",
              "description": null,
              "all": {
                "played": 18,
                "win": 6,
                "draw": 5,
                "lose": 7,
                "goals": {
                  "for": 19,
                  "against": 20
                }
              },
              "home": {
                "played": 10,
                "win": 5,
                "draw": 3,
                "lose": 2,
                "goals": {
                  "for": 10,
                  "against": 7
                }
              },
              "away": {
                "played": 8,
                "win": 1,
                "draw": 2,
                "lose": 5,
                "goals": {
                  "for": 9,
                  "against": 13
                }
              },
              "update": "2023-01-29T00:00:00+00:00"
            },
            {
              "rank": 10,
              "team": {
                "id": 2690,
                "name": "Golden Arrows",
                "logo": "https:\/\/media-3.api-sports.io\/football\/teams\/2690.png"
              },
              "points": 22,
              "goalsDiff": -3,
              "group": "PSL",
              "form": "WLLWL",
              "status": "down",
              "description": null,
              "all": {
                "played": 18,
                "win": 6,
                "draw": 4,
                "lose": 8,
                "goals": {
                  "for": 21,
                  "against": 24
                }
              },
              "home": {
                "played": 11,
                "win": 4,
                "draw": 3,
                "lose": 4,
                "goals": {
                  "for": 14,
                  "against": 14
                }
              },
              "away": {
                "played": 7,
                "win": 2,
                "draw": 1,
                "lose": 4,
                "goals": {
                  "for": 7,
                  "against": 10
                }
              },
              "update": "2023-01-29T00:00:00+00:00"
            },
            {
              "rank": 11,
              "team": {
                "id": 10566,
                "name": "Royal AM",
                "logo": "https:\/\/media.api-sports.io\/football\/teams\/10566.png"
              },
              "points": 21,
              "goalsDiff": -5,
              "group": "PSL",
              "form": "DLWDL",
              "status": "same",
              "description": null,
              "all": {
                "played": 17,
                "win": 6,
                "draw": 3,
                "lose": 8,
                "goals": {
                  "for": 19,
                  "against": 24
                }
              },
              "home": {
                "played": 10,
                "win": 4,
                "draw": 3,
                "lose": 3,
                "goals": {
                  "for": 10,
                  "against": 9
                }
              },
              "away": {
                "played": 7,
                "win": 2,
                "draw": 0,
                "lose": 5,
                "goals": {
                  "for": 9,
                  "against": 15
                }
              },
              "update": "2023-01-29T00:00:00+00:00"
            },
            {
              "rank": 12,
              "team": {
                "id": 4905,
                "name": "Stellenbosch",
                "logo": "https:\/\/media.api-sports.io\/football\/teams\/4905.png"
              },
              "points": 20,
              "goalsDiff": -6,
              "group": "PSL",
              "form": "WLLDD",
              "status": "up",
              "description": null,
              "all": {
                "played": 19,
                "win": 4,
                "draw": 8,
                "lose": 7,
                "goals": {
                  "for": 20,
                  "against": 26
                }
              },
              "home": {
                "played": 10,
                "win": 3,
                "draw": 3,
                "lose": 4,
                "goals": {
                  "for": 14,
                  "against": 14
                }
              },
              "away": {
                "played": 9,
                "win": 1,
                "draw": 5,
                "lose": 3,
                "goals": {
                  "for": 6,
                  "against": 12
                }
              },
              "update": "2023-01-29T00:00:00+00:00"
            },
            {
              "rank": 13,
              "team": {
                "id": 2692,
                "name": "Maritzburg Utd",
                "logo": "https:\/\/media.api-sports.io\/football\/teams\/2692.png"
              },
              "points": 20,
              "goalsDiff": -11,
              "group": "PSL",
              "form": "LWWWL",
              "status": "down",
              "description": null,
              "all": {
                "played": 18,
                "win": 5,
                "draw": 5,
                "lose": 8,
                "goals": {
                  "for": 12,
                  "against": 23
                }
              },
              "home": {
                "played": 9,
                "win": 3,
                "draw": 2,
                "lose": 4,
                "goals": {
                  "for": 9,
                  "against": 14
                }
              },
              "away": {
                "played": 9,
                "win": 2,
                "draw": 3,
                "lose": 4,
                "goals": {
                  "for": 3,
                  "against": 9
                }
              },
              "update": "2023-01-29T00:00:00+00:00"
            },
            {
              "rank": 14,
              "team": {
                "id": 8074,
                "name": "TS Galaxy",
                "logo": "https:\/\/media.api-sports.io\/football\/teams\/8074.png"
              },
              "points": 19,
              "goalsDiff": -2,
              "group": "PSL",
              "form": "LLDDD",
              "status": "down",
              "description": null,
              "all": {
                "played": 18,
                "win": 3,
                "draw": 10,
                "lose": 5,
                "goals": {
                  "for": 9,
                  "against": 11
                }
              },
              "home": {
                "played": 8,
                "win": 1,
                "draw": 4,
                "lose": 3,
                "goals": {
                  "for": 4,
                  "against": 5
                }
              },
              "away": {
                "played": 10,
                "win": 2,
                "draw": 6,
                "lose": 2,
                "goals": {
                  "for": 5,
                  "against": 6
                }
              },
              "update": "2023-01-29T00:00:00+00:00"
            },
            {
              "rank": 15,
              "team": {
                "id": 10563,
                "name": "Moroka Swallows",
                "logo": "https:\/\/media.api-sports.io\/football\/teams\/10563.png"
              },
              "points": 18,
              "goalsDiff": -6,
              "group": "PSL",
              "form": "DLDWL",
              "status": "down",
              "description": "Relegation Play-off",
              "all": {
                "played": 18,
                "win": 4,
                "draw": 6,
                "lose": 8,
                "goals": {
                  "for": 15,
                  "against": 21
                }
              },
              "home": {
                "played": 9,
                "win": 4,
                "draw": 2,
                "lose": 3,
                "goals": {
                  "for": 13,
                  "against": 10
                }
              },
              "away": {
                "played": 9,
                "win": 0,
                "draw": 4,
                "lose": 5,
                "goals": {
                  "for": 2,
                  "against": 11
                }
              },
              "update": "2023-01-29T00:00:00+00:00"
            },
            {
              "rank": 16,
              "team": {
                "id": 2682,
                "name": "Tshakhuma Madzivhadila",
                "logo": "https:\/\/media.api-sports.io\/football\/teams\/2682.png"
              },
              "points": 15,
              "goalsDiff": -9,
              "group": "PSL",
              "form": "LLDLD",
              "status": "same",
              "description": "Relegation",
              "all": {
                "played": 20,
                "win": 2,
                "draw": 9,
                "lose": 9,
                "goals": {
                  "for": 14,
                  "against": 23
                }
              },
              "home": {
                "played": 9,
                "win": 1,
                "draw": 5,
                "lose": 3,
                "goals": {
                  "for": 5,
                  "against": 9
                }
              },
              "away": {
                "played": 11,
                "win": 1,
                "draw": 4,
                "lose": 6,
                "goals": {
                  "for": 9,
                  "against": 14
                }
              },
              "update": "2023-01-29T00:00:00+00:00"
            }
          ]
        ]
      }
    }
  ],
  "results": 1
}